"time_series_name","index"
"MO_Common_CompanyTitle",1
"tb_EntireModel",1
"z_YIW8LT0190_MO_Header_CompanyTitle",1
"MO_Common_CompanySubtitle",2
"z_YIW8LT0190_MO_Header_CompanySubTitle",2
"MO_Common_FPDays",3
"z_YIW8LT0190_MO_Header_FPDays",3
"MO_Common_QEndDate",4
"z_YIW8LT0190_MO_Header_QEndDate",4
"MO_Common_ColumnHeader",5
"z_YIW8LT0190_MO_Header_ColumnHeader",5
"MO_Section_GrowthAnalysis",6
"z_YIW8LT0190_MO_Section_GA_GrowthAnalysis",6
"z_YIW8LT0190_MO_GA_LinearNetworkDomesticaffiliatefeesrevenuegrowthrate",7
"z_YIW8LT0190_MO_GA_LinearNetworkInternationalaffiliatefeesrevenuegrowthrate",8
"z_YIW8LT0190_MO_GA_LinearNetworkAffiliatefeesrevenuegrowthrate",9
"z_YIW8LT0190_MO_GA_LinearNetworkCableadvertisingrevenuegrowthrate",10
"z_YIW8LT0190_MO_GA_LinearNetworkBroadcastingadvertisingrevenuegrowthrate",11
"z_YIW8LT0190_MO_GA_LinearNetworkDomesticchannelsadvertisingrevenuegrowthrate",12
"z_YIW8LT0190_MO_GA_LinearNetworkInternationalchannelsadvertisingrevenuegrowthrate",13
"z_YIW8LT0190_MO_GA_LinearNetworkAdvertisingrevenuegrowthrate",14
"z_YIW8LT0190_MO_GA_LinearNetworkTotalrevenuegrowthrate",15
"z_YIW8LT0190_MO_GA_DirecttoConsumerTotalrevenuegrowthrate",16
"z_YIW8LT0190_MO_GA_ContentSalesLicensingTVSVODdistributionrevenuegrowth",17
"z_YIW8LT0190_MO_GA_ContentSalesLicensingTheatricaldistributionrevenuegrowth",18
"z_YIW8LT0190_MO_GA_ContentSalesLicensingHomeentertainmentrevenuegrowth",19
"z_YIW8LT0190_MO_GA_ContentSalesLicensingTotalrevenuegrowth",20
"z_YIW8LT0190_MO_GA_MediaandEntertainmentDistributionTotalrevenuegrowth",21
"z_YIW8LT0190_MO_GA_Themeparkadmissionsrevenuegrowth",22
"z_YIW8LT0190_MO_GA_ParksExperiencesmerchandisefoodandbeveragerevenuegrowth",23
"z_YIW8LT0190_MO_GA_ResortsandVacationsrevenuegrowth",24
"z_YIW8LT0190_MO_GA_Merchandiselicensingandretailrevenuegrowth",25
"z_YIW8LT0190_MO_GA_Parkslicensingandotherrevenuegrowth",26
"z_YIW8LT0190_MO_GA_ParksExperiencesandProductsTotalrevenuegrowth",27
"z_YIW8LT0190_MO_GA_CableNetworksRevenuesGrowth",28
"z_YIW8LT0190_MO_GA_Broadcastingrevenuesgrowth",29
"z_YIW8LT0190_MO_OS_medianetworksrevenuegrowth",30
"z_YIW8LT0190_MO_GA_DomesticParksandResortsRevenuesGrowth",31
"z_YIW8LT0190_MO_GA_InternationalParksandResortsRevenuesGrowth",32
"z_YIW8LT0190_MO_GA_ConsumerProductsrevenuesgrowth",33
"z_YIW8LT0190_MO_OS_totalparksandresortsrevenuegrowth",34
"z_YIW8LT0190_MO_GA_TheatricalDistributionRevenuesGrowth",35
"z_YIW8LT0190_MO_GA_HomeEntertainmentRevenuesGrowth",36
"z_YIW8LT0190_MO_GA_TVSVODDistributionandOtherRevenuesGrowth",37
"z_YIW8LT0190_MO_GA_Merchandiselicensingrevenuesgrowth",38
"z_YIW8LT0190_MO_GA_Otherrevenuesgrowth",39
"z_YIW8LT0190_MO_OS_studioentertainmentrevenuegrowth",40
"z_YIW8LT0190_MO_GA_LicensingPublishingandGamesRevenuesGrowth",41
"z_YIW8LT0190_MO_GA_RetailandOtherRevenuesGrowth",42
"z_YIW8LT0190_MO_OS_consumerproductsinteractivemediarevenuegrowth",43
"z_YIW8LT0190_MO_GA_TwentyFirstCenturyFoxRevenueGrowth",44
"MO_GA_TotalRevenue",45
"z_YIW8LT0190_MO_OS_TotalRevenueGrowth",45
"z_YIW8LT0190_MO_BlankRow_GA_3",46
"MO_Section_FinancialSummaryOperatingIncome",47
"z_YIW8LT0190_MO_Section_OS_FinancialSummaryOperatingIncome",47
"z_YIW8LT0190_MO_OS_MediaandEntertainmentDistributionTotalrevenue",48
"z_YIW8LT0190_MO_OS_ParksExperiencesandProductsTotalrevenue",49
"z_YIW8LT0190_MO_OS_Totalrevenue_3",50
"z_YIW8LT0190_MO_BlankRow_OS_90",51
"z_YIW8LT0190_MO_OS_MediaandEntertainmentDistributionOperatingIncome",52
"z_YIW8LT0190_MO_OS_ParksExperiencesandProductsOperatingIncome",53
"z_YIW8LT0190_MO_OS_MediaNetworksOperatingIncome_4",54
"z_YIW8LT0190_MO_OS_ParksExperiencesConsumerProductsOperatingIncome_2",55
"z_YIW8LT0190_MO_OS_StudioEntertainmentOperatingIncome_2",56
"z_YIW8LT0190_MO_OS_DirecttoConsumerInternationalOperatingIncome_2",57
"z_YIW8LT0190_MO_OS_21CFOperatingIncome_1",58
"z_YIW8LT0190_MO_OS_TotalIntersegmentContentTransactionOperatingIncome_1",59
"z_YIW8LT0190_MO_OS_SegmentOperatingIncome_1",60
"z_YIW8LT0190_MO_OS__260",61
"z_YIW8LT0190_MO_OS_Affiliatefees",62
"z_YIW8LT0190_MO_OS_Advertising_4",63
"z_YIW8LT0190_MO_OS_Themeparkadmissions_1",64
"z_YIW8LT0190_MO_OS_Resortandvacations",65
"z_YIW8LT0190_MO_OS_Retailandwholesalesalesofmerchandisefoodandbeverage",66
"z_YIW8LT0190_MO_OS_TVSVODdistributionlicensing_1",67
"z_YIW8LT0190_MO_OS_Theatricaldistributionlicensing",68
"z_YIW8LT0190_MO_OS_Merchandiselicensing_4",69
"z_YIW8LT0190_MO_OS_Subscriptionfee_1",70
"z_YIW8LT0190_MO_OS_Homeentertainment_4",71
"z_YIW8LT0190_MO_OS_Other_8",72
"z_YIW8LT0190_MO_OS_TotalRevenue_2",73
"z_YIW8LT0190_MO_BlankRow_GA_2",74
"MO_Section_SegmentedResultsMediaandEntertainmentDistributionFS",75
"z_YIW8LT0190_MO_Section_OS_SegmentedResultsMediaandEntertainmentDistributionFS",75
"z_YIW8LT0190_MO_OS_LinearNetworkDomesticaffiliatefeesrevenue",76
"z_YIW8LT0190_MO_OS_LinearNetworkInternationalaffiliatefeesrevenue",77
"z_YIW8LT0190_MO_OS_LinearNetworkAffiliatefeesrevenue",78
"z_YIW8LT0190_MO_OS_LinearNetworkCableadvertisingrevenue",79
"z_YIW8LT0190_MO_OS_LinearNetworkBroadcastingadvertisingrevenue",80
"z_YIW8LT0190_MO_OS_LinearNetworkDomesticchannelsadvertisingrevenue",81
"z_YIW8LT0190_MO_OS_LinearNetworkInternationalchannelsadvertisingrevenue",82
"z_YIW8LT0190_MO_OS_LinearNetworkAdvertisingrevenue",83
"z_YIW8LT0190_MO_OS_LinearNetworkOtherrevenue",84
"z_YIW8LT0190_MO_OS_LinearNetworkTotalrevenue",85
"z_YIW8LT0190_MO_OS_LinearNetworkOperatingexpenses",86
"z_YIW8LT0190_MO_OS_LinearNetworkSGA",87
"z_YIW8LT0190_MO_OS_LinearNetworkDA",88
"z_YIW8LT0190_MO_OS_LinearNetworkEquityintheincomeofinvestees",89
"z_YIW8LT0190_MO_OS_LinearNetworkOperatingIncome",90
"z_YIW8LT0190_MO_BlankRow_OS_113",91
"z_YIW8LT0190_MO_OS_LinearNetworkOperatingexpensesmargin",92
"z_YIW8LT0190_MO_OS_LinearNetworkSGAmargin",93
"z_YIW8LT0190_MO_OS_LinearNetworkOperatingincomemargin",94
"z_YIW8LT0190_MO_BlankRow_OS_117",95
"z_YIW8LT0190_MO_OS_LinearNetworkDomesticchannelsrevenue",96
"z_YIW8LT0190_MO_OS_LinearNetworkInternationalchannelsrevenue",97
"z_YIW8LT0190_MO_OS_LinearNetworkTotalrevenue_1",98
"z_YIW8LT0190_MO_BlankRow_OS_112",99
"z_YIW8LT0190_MO_OS_LinearNetworksDomesticchannelsoperatingincome",100
"z_YIW8LT0190_MO_OS_LinearNetworksInternationalchannelsoperatingincome",101
"z_YIW8LT0190_MO_OS_Equityintheincomeofinvestees_12",102
"z_YIW8LT0190_MO_OS_LinearNetworkOperatingIncome_2",103
"z_YIW8LT0190_MO_BlankRow_OS_91",104
"z_YIW8LT0190_MO_OS_LinearNetworkDomesticchannelsoperatingincomemargin",105
"z_YIW8LT0190_MO_OS_LinearNetworkInternationalchannelsoperatingincomemargin",106
"z_YIW8LT0190_MO_BlankRow_OS_111",107
"z_YIW8LT0190_MO_OS_DirecttoConsumerSubscriptionfeesrevenue",108
"z_YIW8LT0190_MO_OS_DirecttoConsumerAdvertisingrevenue",109
"z_YIW8LT0190_MO_OS_DirecttoConsumerTVSVODdistributionandotherrevenue",110
"z_YIW8LT0190_MO_OS_DirecttoConsumerTotalrevenue",111
"z_YIW8LT0190_MO_OS_DirecttoConsumerOperatingexpenses",112
"z_YIW8LT0190_MO_OS_DirecttoConsumerSGA",113
"z_YIW8LT0190_MO_OS_DirecttoConsumerDA",114
"z_YIW8LT0190_MO_OS_DirecttoConsumerEquityintheincomeofinvestees",115
"z_YIW8LT0190_MO_OS_DirecttoConsumerOperatingIncome",116
"z_YIW8LT0190_MO_BlankRow_OS_93",117
"z_YIW8LT0190_MO_OS_DirecttoConsumerOperatingexpensesmargin",118
"z_YIW8LT0190_MO_OS_DirecttoConsumerSGAmargin",119
"z_YIW8LT0190_MO_OS_DirecttoConsumerOperatingincomemargin",120
"z_YIW8LT0190_MO_BlankRow_OS_94",121
"z_YIW8LT0190_MO_OS_ContentSalesLicensingTVSVODdistributionrevenue",122
"z_YIW8LT0190_MO_OS_ContentSalesLicensingTheatricaldistributionrevenue",123
"z_YIW8LT0190_MO_OS_ContentSalesLicensingHomeentertainmentrevenue",124
"z_YIW8LT0190_MO_OS_ContentSalesLicensingOtherrevenue",125
"z_YIW8LT0190_MO_OS_ContentSalesLicensingTotalrevenue",126
"z_YIW8LT0190_MO_OS_ContentSalesLicensingOperatingexpenses",127
"z_YIW8LT0190_MO_OS_ContentSalesLicensingSGA",128
"z_YIW8LT0190_MO_OS_ContentSalesLicensingDA",129
"z_YIW8LT0190_MO_OS_ContentSalesLicensingEquityintheincomeofinvestees",130
"z_YIW8LT0190_MO_OS_ContentSalesLicensingOperatingIncome",131
"z_YIW8LT0190_MO_BlankRow_OS_95",132
"z_YIW8LT0190_MO_OS_ContentSalesLicensingOperatingexpensesmargin",133
"z_YIW8LT0190_MO_OS_ContentSalesLicensingSGAmargin",134
"z_YIW8LT0190_MO_OS_ContentSalesLicensingOperatingincomemargin",135
"z_YIW8LT0190_MO_BlankRow_OS_96",136
"z_YIW8LT0190_MO_OS_MediaandEntertainmentDistributionLinearNetworksrevenue",137
"z_YIW8LT0190_MO_OS_MediaandEntertainmentDistributionDirecttoConsumerrevenue",138
"z_YIW8LT0190_MO_OS_MediaandEntertainmentDistributionContentSalesLicensingandOtherrevenue",139
"z_YIW8LT0190_MO_OS_MediaandEntertainmentDistributionEliminationofIntrasegmentrevenue",140
"z_YIW8LT0190_MO_OS_MediaandEntertainmentDistributionTotalrevenue_1",141
"z_YIW8LT0190_MO_OS_MediaandEntertainmentDistributionOperatingexpenses",142
"z_YIW8LT0190_MO_OS_MediaandEntertainmentDistributionSGA",143
"z_YIW8LT0190_MO_OS_MediaandEntertainmentDistributionDA",144
"z_YIW8LT0190_MO_OS_MediaandEntertainmentDistributionEquityintheincomeofinvestees",145
"z_YIW8LT0190_MO_OS_MediaandEntertainmentDistributionOperatingIncome_1",146
"z_YIW8LT0190_MO_BlankRow_OS_97",147
"z_YIW8LT0190_MO_OS_MediaandEntertainmentDistributionOperatingincomemargin",148
"z_YIW8LT0190_MO_BlankRow_OS_98",149
"z_YIW8LT0190_MO_OS_MediaandEntertainmentDistributionDepreciation",150
"z_YIW8LT0190_MO_OS_MediaandEntertainmentDistributionAmortization",151
"z_YIW8LT0190_MO_OS_MediaandEntertainmentDistributionDADiscrepancy",152
"z_YIW8LT0190_MO_OS_MediaandEntertainmentDistributionDA_2",153
"z_YIW8LT0190_MO_BlankRow_OS_99",154
"z_YIW8LT0190_MO_OS_MediaandEntertainmentDistributionCapex",155
"z_YIW8LT0190_MO_BlankRow_OS_100",156
"MO_Section_KeyMetricsDirecttoConsumerOperatingStatsFS",157
"z_YIW8LT0190_MO_Section_OS_KeyMetricsDirecttoConsumerOperatingStatsFS",157
"z_YIW8LT0190_MO_OS_DisneySubscribers",158
"z_YIW8LT0190_MO_OS_QQDisneysubscribergrowth",159
"z_YIW8LT0190_MO_OS_YYDisneysubscribergrowth",160
"z_YIW8LT0190_MO_OS_DisneyARPU",161
"z_YIW8LT0190_MO_OS_QQDisneyARPUgrowth",162
"z_YIW8LT0190_MO_OS_YYDisneyARPUgrowth",163
"z_YIW8LT0190_MO_OS_Disneyrevenuecalculated",164
"z_YIW8LT0190_MO_BlankRow_OS_84",165
"z_YIW8LT0190_MO_OS_ESPNSubscribers",166
"z_YIW8LT0190_MO_OS_QQESPNsubscribergrowth",167
"z_YIW8LT0190_MO_OS_YYESPNsubscribergrowth",168
"z_YIW8LT0190_MO_OS_ESPNARPU",169
"z_YIW8LT0190_MO_OS_QQESPNARPUgrowth",170
"z_YIW8LT0190_MO_OS_YYESPNARPUgrowth",171
"z_YIW8LT0190_MO_OS_ESPNrevenuecalculated",172
"z_YIW8LT0190_MO_BlankRow_OS_85",173
"z_YIW8LT0190_MO_OS_HuluSVODOnly",174
"z_YIW8LT0190_MO_OS_QQSVODonlysubscribergrowth",175
"z_YIW8LT0190_MO_OS_YYSVODonlysubscribergrowth",176
"z_YIW8LT0190_MO_OS_HuluSVODOnlyARPU",177
"z_YIW8LT0190_MO_OS_QQSVODonlyARPUgrowth",178
"z_YIW8LT0190_MO_OS_YYSVODonlyARPUgrowth",179
"z_YIW8LT0190_MO_OS_HuluSVODonlyrevenuecalculated",180
"z_YIW8LT0190_MO_BlankRow_OS_86",181
"z_YIW8LT0190_MO_OS_HuluLiveTVSVOD",182
"z_YIW8LT0190_MO_OS_QQLiveTVSVODsubscribergrowth",183
"z_YIW8LT0190_MO_OS_YYLiveTVSVODsubscribergrowth",184
"z_YIW8LT0190_MO_OS_HuluLiveTVSVODARPU",185
"z_YIW8LT0190_MO_OS_QQLiveTVSVODARPUgrowth",186
"z_YIW8LT0190_MO_OS_YYLiveTVSVODARPUgrowth",187
"z_YIW8LT0190_MO_OS_HuluLiveTVSVODrevenuecalculated",188
"z_YIW8LT0190_MO_BlankRow_OS_87",189
"z_YIW8LT0190_MO_OS_TotalHuluSubscribers",190
"z_YIW8LT0190_MO_OS_YYLiveTVSVODsubscribergrowth_1",191
"z_YIW8LT0190_MO_OS_HulublendedARPUcalculated",192
"z_YIW8LT0190_MO_OS_TotalHulurevenue",193
"z_YIW8LT0190_MO_BlankRow_OS_88",194
"z_YIW8LT0190_MO_OS_TotalDTCrevenuecalculated",195
"z_YIW8LT0190_MO_OS_DTCdiscrepancy",196
"z_YIW8LT0190_MO_OS_TotalDTCrevenuereported",197
"z_YIW8LT0190_MO_BlankRow_OS_101",198
"MO_Section_SegmentedResultsParksExperiencesandProductsFS",199
"z_YIW8LT0190_MO_Section_OS_SegmentedResultsParksExperiencesandProductsFS",199
"z_YIW8LT0190_MO_OS_ParksExperiencesandProductsThemeparkadmissionsrevenue",200
"z_YIW8LT0190_MO_OS_ParksExperiencesandProductsParksExperiencesmerchandisefoodandbeveragerevenue",201
"z_YIW8LT0190_MO_OS_ParksExperiencesandProductsResortsandVacationsrevenue",202
"z_YIW8LT0190_MO_OS_ParksExperiencesandProductsMerchandiselicensingandretailrevenue",203
"z_YIW8LT0190_MO_OS_ParksExperiencesandProductsParkslicensingandotherrevenue",204
"z_YIW8LT0190_MO_OS_ParksExperiencesandProductsTotalrevenue_1",205
"z_YIW8LT0190_MO_OS_ParksExperiencesandProductsOperatingexpenses",206
"z_YIW8LT0190_MO_OS_ParksExperiencesandProductsSGA",207
"z_YIW8LT0190_MO_OS_ParksExperiencesandProductsDA",208
"z_YIW8LT0190_MO_OS_ParksExperiencesandProductsEquityintheincomeofinvestees",209
"z_YIW8LT0190_MO_OS_ParksExperiencesandProductsOperatingincome_1",210
"z_YIW8LT0190_MO_BlankRow_OS_116",211
"z_YIW8LT0190_MO_OS_ParksExperiencesandProductsOperatingexpensesmargin",212
"z_YIW8LT0190_MO_OS_ParksExperiencesandProductsSGAmargin",213
"z_YIW8LT0190_MO_OS_ParksExperiencesandProductsOperatingincomemargin",214
"z_YIW8LT0190_MO_BlankRow_OS_103",215
"z_YIW8LT0190_MO_OS_ParksExperiencesandProductsDepreciation",216
"z_YIW8LT0190_MO_OS_ParksExperiencesandProductsAmortization",217
"z_YIW8LT0190_MO_OS_ParksExperiencesandProductsDADiscrepancy",218
"z_YIW8LT0190_MO_OS_ParksExperiencesandProductsDA_2",219
"z_YIW8LT0190_MO_BlankRow_OS_104",220
"z_YIW8LT0190_MO_OS_ParksExperiencesandProductsCapex",221
"z_YIW8LT0190_MO_BlankRow_OS_102",222
"z_YIW8LT0190_MO_OS_ParksExperiencesDomesticrevenue",223
"z_YIW8LT0190_MO_OS_ParksExperiencesInternationalrevenue",224
"z_YIW8LT0190_MO_OS_ConsumerProductsrevenue_2",225
"z_YIW8LT0190_MO_OS_ParksExperiencesandProductsTotalrevenue_2",226
"z_YIW8LT0190_MO_BlankRow_OS_114",227
"z_YIW8LT0190_MO_OS_ParksExperiencesDomesticoperatingincome",228
"z_YIW8LT0190_MO_OS_ParksExperiencesInternationaloperatingincome",229
"z_YIW8LT0190_MO_OS_ConsumerProductsoperatingincome_1",230
"z_YIW8LT0190_MO_OS_ParksExperiencesandProductsOperatingincome_3",231
"z_YIW8LT0190_MO_BlankRow_OS_115",232
"z_YIW8LT0190_MO_OS_ParksExperiencesandProductsDomesticOperatingincomemargin",233
"z_YIW8LT0190_MO_OS_ParksExperiencesandProductsInternationalOperatingincomemargin",234
"z_YIW8LT0190_MO_OS_ParksExperiencesandProductsConsumerProductsOperatingincomemargin",235
"z_YIW8LT0190_MO_BlankRow_OS_118",236
"z_YIW8LT0190_MO_OS_Operatinglabor",237
"z_YIW8LT0190_MO_OS_Infrastructurecosts",238
"z_YIW8LT0190_MO_OS_Costofgoodssoldanddistributioncosts",239
"z_YIW8LT0190_MO_OS_Otheroperatingexpense",240
"z_YIW8LT0190_MO_OS_Totaloperatingexpenses",241
"z_YIW8LT0190_MO_BlankRow_OS_105",242
"MO_Section_HistoricalSegmentedResultsPriorQSegmentReorganization",243
"z_YIW8LT0190_MO_Section_OS_HistoricalSegmentedResultsPriorQ12021SegmentReorganization",243
"MO_Section_SegmentedResultsMediaNetworksMDA",244
"z_YIW8LT0190_MO_Section_OS_SegmentedResultsMediaNetworksMDA_1",244
"z_YIW8LT0190_MO_OS_CableNetworksrevenuesgrowth",245
"z_YIW8LT0190_MO_OS_Broadcastingrevenuesgrowth",246
"z_YIW8LT0190_MO_OS_MediaNetworksRevenueGrowth_1",247
"z_YIW8LT0190_MO_BlankRow_OS_61",248
"z_YIW8LT0190_MO_OS_CableNetworksrevenues_1",249
"z_YIW8LT0190_MO_OS_Broadcastingrevenues_1",250
"z_YIW8LT0190_MO_OS_MediaNetworksTotalRevenues_2",251
"z_YIW8LT0190_MO_OS_Operatingexpenses_4",252
"z_YIW8LT0190_MO_OS_Sellinggeneraladministrativeandotherexpenses_4",253
"z_YIW8LT0190_MO_OS_Depreciationandamortizationexpenses_4",254
"z_YIW8LT0190_MO_OS_Equityintheincomeofinvestees_5",255
"z_YIW8LT0190_MO_OS_MediaNetworksOperatingIncome_2",256
"z_YIW8LT0190_MO_OS_AmortizationofTFCFIntangibleassets",257
"z_YIW8LT0190_MO_OS_Amortizationofstepuponfilmandtvcosts",258
"z_YIW8LT0190_MO_OS_AmortizationofIntangibleassetsandFairvaluestepuponfilmandtvcosts",259
"z_YIW8LT0190_MO_OS_Restructuringandimpairmentcharges_1",260
"z_YIW8LT0190_MO_OS_Impairmentofequityinvestment_1",261
"z_YIW8LT0190_MO_BlankRow_OS_25",262
"z_YIW8LT0190_MO_OS_MediaNetworksOPEXMargin_1",263
"z_YIW8LT0190_MO_OS_MediaNetworksSGAMargin_1",264
"z_YIW8LT0190_MO_OS_MediaNetworksEBITMargin_1",265
"z_YIW8LT0190_MO_BlankRow_OS_26",266
"z_YIW8LT0190_MO_OS_CableNetworksDepreciationexpenses",267
"z_YIW8LT0190_MO_OS_BroadcastingDepreciationexpenses",268
"z_YIW8LT0190_MO_OS_MediaNetworksDepreciationexpenses",269
"z_YIW8LT0190_MO_OS_MediaNetworksAmortizationexpenses",270
"z_YIW8LT0190_MO_OS_MediaNetworksDepreciationandAmortizationexpenses",271
"z_YIW8LT0190_MO_BlankRow_OS_68",272
"z_YIW8LT0190_MO_OS_CableMediaNetworksCumulativeCapitalExpenditures",273
"z_YIW8LT0190_MO_OS_BroadcastingNetworksCumulativeCapitalExpenditures",274
"z_YIW8LT0190_MO_OS_MediaNetworksCumulativeCapitalExpenditures",275
"z_YIW8LT0190_MO_OS_MediaNetworksCapitalExpenditures",276
"z_YIW8LT0190_MO_BlankRow_OS_27",277
"MO_Section_KeyMetricsMediaNetworksSupplementalRevenueandSegmentOperatingIncomeMDA",278
"z_YIW8LT0190_MO_Section_OS_KeyMetricsMediaNetworksSupplementalRevenueandSegmentOperatingIncomeMDA",278
"z_YIW8LT0190_MO_OS_Affiliatedfees_1",279
"z_YIW8LT0190_MO_OS_Advertisingrevenues_1",280
"z_YIW8LT0190_MO_OS_TVSVODdistributionandotherrevenues_2",281
"z_YIW8LT0190_MO_OS_Otherrevenues",282
"z_YIW8LT0190_MO_OS_MediaNetworksTotalRevenues_3",283
"z_YIW8LT0190_MO_BlankRow_OS_69",284
"z_YIW8LT0190_MO_OS_MediaNetworksUnitedStatesandCanadaRevenue",285
"z_YIW8LT0190_MO_OS_MediaNetworksLatinAmericaRevenue",286
"z_YIW8LT0190_MO_OS_MediaNetworksAmericasRevenue",287
"z_YIW8LT0190_MO_OS_MediaNetworksEuropeRevenue",288
"z_YIW8LT0190_MO_OS_MediaNetworksAsiaPacificRevenue",289
"z_YIW8LT0190_MO_OS_TotalMediaNetworksGeographicRevenue",290
"z_YIW8LT0190_MO_BlankRow_OS_28",291
"z_YIW8LT0190_MO_OS_CableNetworksoperatingincome",292
"z_YIW8LT0190_MO_OS_Broadcastingoperatingincome",293
"z_YIW8LT0190_MO_OS_Equityintheincomeofinvestees_6",294
"z_YIW8LT0190_MO_OS_MediaNetworksOperatingIncome_3",295
"z_YIW8LT0190_MO_BlankRow_OS_29",296
"MO_Section_SegmentedResultsParksExperiencesConsumerProductsMDA",297
"z_YIW8LT0190_MO_Section_OS_SegmentedResultsParks_1",297
"z_YIW8LT0190_MO_OS_DomesticParksExperiencesrevenuesgrowth",298
"z_YIW8LT0190_MO_OS_InternationalParksExperiencesrevenuesgrowth",299
"z_YIW8LT0190_MO_OS_ConsumerProductsrevenuesgrowth",300
"z_YIW8LT0190_MO_OS_ParksExperiencesConsumerProductsRevenueGrowth",301
"z_YIW8LT0190_MO_BlankRow_OS_62",302
"z_YIW8LT0190_MO_OS_DomesticParksExperiencesrevenues",303
"z_YIW8LT0190_MO_OS_InternationalParksExperiencesrevenues",304
"z_YIW8LT0190_MO_OS_ParksExperiencestotalrevenues",305
"z_YIW8LT0190_MO_OS_ConsumerProductsrevenues",306
"z_YIW8LT0190_MO_OS_ParksExperiencesConsumerProductsTotalRevenues",307
"z_YIW8LT0190_MO_OS_Operatingexpenses_5",308
"z_YIW8LT0190_MO_OS_Sellinggeneraladministrativeandotherexpenses_5",309
"z_YIW8LT0190_MO_OS_Depreciationandamortizationexpenses_5",310
"z_YIW8LT0190_MO_OS_Equityintheincomeofinvestees_7",311
"z_YIW8LT0190_MO_OS_ParksExperiencesConsumerProductsOperatingIncome",312
"z_YIW8LT0190_MO_OS_AmortizationofTFCFIntangibleassetscalculated",313
"z_YIW8LT0190_MO_OS_Amortizationofstepuponfilmandtvcostscalculated",314
"z_YIW8LT0190_MO_OS_AmortizationofIntangibleassetsandFairvaluestepuponfilmandtvcostsCalculated",315
"z_YIW8LT0190_MO_BlankRow_OS_30",316
"z_YIW8LT0190_MO_BlankRow_OS_70",317
"z_YIW8LT0190_MO_OS_ParksExperiencesConsumerProductsOPEXMargin",318
"z_YIW8LT0190_MO_OS_ParksExperiencesConsumerProductsSGAMargin",319
"z_YIW8LT0190_MO_OS_ParksExperiencesConsumerProductsEBITMargin",320
"z_YIW8LT0190_MO_BlankRow_OS_71",321
"z_YIW8LT0190_MO_OS_DomesticParksExperiencesConsumerProductsDepreciationexpenses",322
"z_YIW8LT0190_MO_OS_InternationalParksExperiencesConsumerProductsDepreciationexpenses",323
"z_YIW8LT0190_MO_OS_ParksExperiencesConsumerProductsDepreciationexpenses",324
"z_YIW8LT0190_MO_OS_ParksExperiencesConsumerProductsAmortizationexpenses",325
"z_YIW8LT0190_MO_OS_ParksExperiencesConsumerProductsDepreciationandAmortizationexpenses",326
"z_YIW8LT0190_MO_BlankRow_OS_31",327
"z_YIW8LT0190_MO_OS_DomesticParksExperiencesConsumerProductsCumulativeCapitalExpenditures",328
"z_YIW8LT0190_MO_OS_InternationalParksExperiencesConsumerProductsCumulativeCapitalExpenditures",329
"z_YIW8LT0190_MO_OS_ParksExperiencesConsumerProductsCumulativeCapitalExpenditures",330
"z_YIW8LT0190_MO_OS_ParksExperiencesConsumerProductsCapitalExpenditures",331
"z_YIW8LT0190_MO_BlankRow_OS_32",332
"MO_Section_KeyMetricsParksExperiencesConsumerProductsSupplementalRevenueandSegmentOperatingIncomeMDA",333
"z_YIW8LT0190_MO_Section_OS_KeyMetricsParks_1",333
"z_YIW8LT0190_MO_OS_Themeparkadmissions",334
"z_YIW8LT0190_MO_OS_ParksExperiencesmerchandisefoodandbeverage",335
"z_YIW8LT0190_MO_OS_Resortsandvacations",336
"z_YIW8LT0190_MO_OS_Merchandiselicensingandretail",337
"z_YIW8LT0190_MO_OS_Parkslicensingandother",338
"z_YIW8LT0190_MO_OS_Advertisingrevenues_3",339
"z_YIW8LT0190_MO_OS_Otherrevenues_1",340
"z_YIW8LT0190_MO_OS_ParksExperiencesConsumerProductsTotalRevenues_1",341
"z_YIW8LT0190_MO_BlankRow_OS_72",342
"MO_Section_KeyMetricsParksExperiencesConsumerProductsRevenuebyRegionFS",343
"z_YIW8LT0190_MO_Section_OS_KeyMetricsParksExperiencesConsumerProductsRevenuebyRegionFS",343
"z_YIW8LT0190_MO_OS_ParksExperienceandProductsUnitedStatesandCanadaRevenue",344
"z_YIW8LT0190_MO_OS_ParksExperienceandProductsLatinAmericaRevenue",345
"z_YIW8LT0190_MO_OS_ParksExperienceandProductsAmericasRevenue",346
"z_YIW8LT0190_MO_OS_ParksExperienceandProductsEuropeRevenue",347
"z_YIW8LT0190_MO_OS_ParksExperienceandProductsAsiaPacificRevenue",348
"z_YIW8LT0190_MO_OS_TotalParksExperienceandProductsGeographicRevenue",349
"z_YIW8LT0190_MO_BlankRow_OS_33",350
"MO_Section_KeyMetricsParksExperiencesConsumerProductsSegmentOperatingIncomeMDA",351
"z_YIW8LT0190_MO_Section_OS_KeyMetricsParksExperiencesConsumerProductsSegmentOperatingIncomeMDA",351
"z_YIW8LT0190_MO_OS_DomesticParksExperiencesoperatingincome",352
"z_YIW8LT0190_MO_OS_InternationalParksExperiencesoperatingincome",353
"z_YIW8LT0190_MO_OS_ParksExperiencestotaloperatingincome",354
"z_YIW8LT0190_MO_OS_ConsumerProductsoperatingincome",355
"z_YIW8LT0190_MO_OS_ParksExperiencesConsumerProductsOperatingIncome_1",356
"z_YIW8LT0190_MO_BlankRow_OS_34",357
"MO_Section_KeyMetricsParksandResortsStatisticsMDA",358
"z_YIW8LT0190_MO_Section_OS_KeyMetricsParksandResortsStatisticsMDA_1",358
"z_YIW8LT0190_MO_OS_Domesticincreasedecreaseinparksattendance",359
"z_YIW8LT0190_MO_OS_Internationalincreasedecreaseinparksattendance",360
"z_YIW8LT0190_MO_OS_TotalIncreaseDecreaseinParksAttendance",361
"z_YIW8LT0190_MO_BlankRow_OS_35",362
"z_YIW8LT0190_MO_OS_Domesticincreasedecreaseinparkspercapitaguestspending",363
"z_YIW8LT0190_MO_OS_Internationalincreasedecreaseinparkspercapitaguestspending",364
"z_YIW8LT0190_MO_OS_TotalIncreaseDecreaseinParksPerCapitaGuestSpending",365
"z_YIW8LT0190_MO_BlankRow_OS_36",366
"z_YIW8LT0190_MO_OS_Domesticresortsoccupancy",367
"z_YIW8LT0190_MO_OS_Internationalresortsoccupancy",368
"z_YIW8LT0190_MO_OS_TotalResortsOccupancy",369
"z_YIW8LT0190_MO_BlankRow_OS_37",370
"z_YIW8LT0190_MO_OS_Domesticresortsavailableroomnights",371
"z_YIW8LT0190_MO_OS_Internationalresortsavailableroomnights",372
"z_YIW8LT0190_MO_OS_TotalResortsAvailableRoomNights",373
"z_YIW8LT0190_MO_BlankRow_OS_38",374
"z_YIW8LT0190_MO_OS_Domesticresortsperroomguestspending",375
"z_YIW8LT0190_MO_OS_Internationalresortsperroomguestspending",376
"z_YIW8LT0190_MO_OS_TotalResortsPerRoomGuestSpending",377
"z_YIW8LT0190_MO_BlankRow_OS_39",378
"MO_Section_SegmentedResultsStudioEntertainmentMDA",379
"z_YIW8LT0190_MO_Section_OS_SegmentedResultsStudioEntertainmentMDA_1",379
"z_YIW8LT0190_MO_OS_Theatricaldistributionrevenuesgrowth",380
"z_YIW8LT0190_MO_OS_Homeentertainmentrevenuesgrowth",381
"z_YIW8LT0190_MO_OS_TVSVODdistributionandotherrevenuesgrowth",382
"z_YIW8LT0190_MO_OS_Merchandiselicensingrevenuesgrowth",383
"z_YIW8LT0190_MO_OS_Otherrevenuesgrowth",384
"z_YIW8LT0190_MO_OS_StudioEntertainmentRevenueGrowth_1",385
"z_YIW8LT0190_MO_BlankRow_OS_63",386
"z_YIW8LT0190_MO_OS_Theatricaldistributionrevenues_1",387
"z_YIW8LT0190_MO_OS_Homeentertainmentrevenues_1",388
"z_YIW8LT0190_MO_OS_TVSVODdistributionandotherrevenues_3",389
"z_YIW8LT0190_MO_OS_Merchandiselicensingrevenues",390
"z_YIW8LT0190_MO_OS_Otherrevenues_2",391
"z_YIW8LT0190_MO_OS_StudioEntertainmentTotalRevenues_1",392
"z_YIW8LT0190_MO_OS_Operatingexpenses_6",393
"z_YIW8LT0190_MO_OS_Sellinggeneraladministrativeandotherexpenses_6",394
"z_YIW8LT0190_MO_OS_Depreciationandamortizationexpenses_6",395
"z_YIW8LT0190_MO_OS_Equityintheincomeofinvestees_8",396
"z_YIW8LT0190_MO_OS_StudioEntertainmentOperatingIncome_1",397
"z_YIW8LT0190_MO_OS_Amortizationofintangibleassets_2",398
"z_YIW8LT0190_MO_OS_Amortizationoffairvaluestepupfilmandtvcosts",399
"z_YIW8LT0190_MO_OS_AmortizationofTFCFIntangibleassetsandFairvaluestepuponfilmandtvcosts",400
"z_YIW8LT0190_MO_OS_Restructuringandimpairmentcharges_2",401
"z_YIW8LT0190_MO_BlankRow_OS_40",402
"z_YIW8LT0190_MO_OS_StudioEntertainmentOPEXMargin_1",403
"z_YIW8LT0190_MO_OS_StudioEntertainmentSGAMargin_1",404
"z_YIW8LT0190_MO_OS_StudioEntertainmentEBITMargin_1",405
"z_YIW8LT0190_MO_BlankRow_OS_41",406
"z_YIW8LT0190_MO_OS_StudioEntertainmentDepreciationexpenses",407
"z_YIW8LT0190_MO_OS_StudioEntertainmentAmortizationexpenses",408
"z_YIW8LT0190_MO_OS_StudioEntertainmentDepreciationandAmortizationexpenses",409
"z_YIW8LT0190_MO_BlankRow_OS_73",410
"z_YIW8LT0190_MO_OS_StudioEntertainmentCumulativeTotalCapitalExpenditures",411
"z_YIW8LT0190_MO_OS_StudioEntertainmentTotalCapitalExpenditures",412
"z_YIW8LT0190_MO_BlankRow_OS_74",413
"MO_Section_KeyMetricsStudioEntertainmentMDA",414
"z_YIW8LT0190_MO_Section_OS_KeyMetricsStudioEntertainmentMDA",414
"z_YIW8LT0190_MO_OS_StudioEntertainmentsUnitedStatesandCanadaRevenue",415
"z_YIW8LT0190_MO_OS_StudioEntertainmentsLatinAmericaRevenue",416
"z_YIW8LT0190_MO_OS_StudioEntertainmentsAmericasRevenue",417
"z_YIW8LT0190_MO_OS_StudioEntertainmentsEuropeRevenue",418
"z_YIW8LT0190_MO_OS_StudioEntertainmentsAsiaPacificRevenue",419
"z_YIW8LT0190_MO_OS_TotalStudioEntertainmentGeographicRevenue",420
"z_YIW8LT0190_MO_BlankRow_OS_42",421
"MO_Section_SegmentedResultsDirecttoConsumerInternationalMDA",422
"z_YIW8LT0190_MO_Section_OS_SegmentedResultsDirecttoConsumerInternationalMDA",422
"z_YIW8LT0190_MO_OS_Internationalchannelsrevenuesgrowth",423
"z_YIW8LT0190_MO_OS_DTCbusinessesandotherrevenuesgrowth",424
"z_YIW8LT0190_MO_OS_DirecttoConsumerInternationalRevenueGrowth",425
"z_YIW8LT0190_MO_BlankRow_OS_64",426
"z_YIW8LT0190_MO_OS_InternationalChannelsrevenues",427
"z_YIW8LT0190_MO_OS_DTCbusinessesandotherrevenues",428
"z_YIW8LT0190_MO_OS_Otherrevenue_5",429
"z_YIW8LT0190_MO_OS_DirecttoConsumerInternationalTotalRevenues",430
"z_YIW8LT0190_MO_OS_Operatingexpenses_7",431
"z_YIW8LT0190_MO_OS_Sellinggeneraladministrativeandotherexpenses_7",432
"z_YIW8LT0190_MO_OS_Depreciationandamortizationexpenses_7",433
"z_YIW8LT0190_MO_OS_Equityintheincomeofinvestees_9",434
"z_YIW8LT0190_MO_OS_DirecttoConsumerInternationalOperatingIncome",435
"z_YIW8LT0190_MO_OS_Amortizationofintangibleassets_3",436
"z_YIW8LT0190_MO_OS_Amortizationofvaluestepupfilmandtvcosts",437
"z_YIW8LT0190_MO_OS_AmortizationofTFCFrelatedequityinvestees",438
"z_YIW8LT0190_MO_OS_AmortizationofTFCFIntangibleassetsandFairvaluestepuponfilmandtvcosts_1",439
"z_YIW8LT0190_MO_OS_Restructuringandimpairmentcharges_3",440
"z_YIW8LT0190_MO_OS_Impairmentofequityinvestments_1",441
"z_YIW8LT0190_MO_OS_HuluGain",442
"z_YIW8LT0190_MO_BlankRow_OS_43",443
"z_YIW8LT0190_MO_OS_DirecttoConsumerInternationalOPEXMargin",444
"z_YIW8LT0190_MO_OS_DirecttoConsumerInternationalSGAMargin",445
"z_YIW8LT0190_MO_OS_DirecttoConsumerInternationalEBITMargin",446
"z_YIW8LT0190_MO_BlankRow_OS_44",447
"z_YIW8LT0190_MO_OS_DirecttoConsumerInternationalDepreciationexpenses",448
"z_YIW8LT0190_MO_OS_DirecttoConsumerInternationalAmortizationexpenses",449
"z_YIW8LT0190_MO_OS_DirecttoConsumerInternationalDepreciationandAmortizationexpenses",450
"z_YIW8LT0190_MO_BlankRow_OS_75",451
"z_YIW8LT0190_MO_OS_DirecttoConsumerInternationalCumulativeCapitalExpenditures",452
"z_YIW8LT0190_MO_OS_DirecttoConsumerInternationalCapitalExpenditures",453
"z_YIW8LT0190_MO_BlankRow_OS_106",454
"MO_Section_KeyMetricsDirecttoConsumerInternationalSupplementalRevenueandSegmentOperatingIncomeMDA",455
"z_YIW8LT0190_MO_Section_OS_KeyMetricsDirecttoConsumerInternationalSupplementalRevenueandSegmentOperatingIncomeMDA",455
"z_YIW8LT0190_MO_OS_Affiliatedfees_2",456
"z_YIW8LT0190_MO_OS_Advertisingrevenues_2",457
"z_YIW8LT0190_MO_OS_Subscriptionfeesandotherrevenues",458
"z_YIW8LT0190_MO_OS_TVSVODdistributionlicensingrevenues",459
"z_YIW8LT0190_MO_OS_Merchandiselicensingrevenues_1",460
"z_YIW8LT0190_MO_OS_Homeentertainmentrevenues_2",461
"z_YIW8LT0190_MO_OS_Otherrevenues_3",462
"z_YIW8LT0190_MO_OS_DirecttoConsumerInternationalTotalRevenues_1",463
"z_YIW8LT0190_MO_BlankRow_OS_89",464
"z_YIW8LT0190_MO_OS_DirecttoConsumerInternationalsUnitedStatesandCanadaRevenue",465
"z_YIW8LT0190_MO_OS_DirecttoConsumerInternationalsLatinAmericaRevenue",466
"z_YIW8LT0190_MO_OS_DirecttoConsumerInternationalsAmericasRevenue",467
"z_YIW8LT0190_MO_OS_DirecttoConsumerInternationalsEuropeRevenue",468
"z_YIW8LT0190_MO_OS_DirecttoConsumerInternationalsAsiaPacificRevenue",469
"z_YIW8LT0190_MO_OS_TotalDirecttoConsumerInternationalGeographicRevenue",470
"z_YIW8LT0190_MO_BlankRow_OS_46",471
"z_YIW8LT0190_MO_OS_InternationalChannelsoperatingincome",472
"z_YIW8LT0190_MO_OS_DTCbusinessesandotheroperatingincome",473
"z_YIW8LT0190_MO_OS_Other_11",474
"z_YIW8LT0190_MO_OS_Equityintheincomeofinvestees_10",475
"z_YIW8LT0190_MO_OS_DirecttoConsumerInternationalOperatingIncome_1",476
"z_YIW8LT0190_MO_BlankRow_OS_45",477
"MO_Section_SegmentedResultsEliminationsMDA",478
"z_YIW8LT0190_MO_Section_OS_SegmentedResultsEliminationsMDA",478
"z_YIW8LT0190_MO_OS_SegmentCOGS",479
"z_YIW8LT0190_MO_OS_Amortizationofstepupfilmandtvcosts_1",480
"z_YIW8LT0190_MO_OS_MediaandEntertainmentDistributionEliminationofIntrasegmentrevenue_1",481
"z_YIW8LT0190_MO_OS_DiscrepancyinSegmentCOGS",482
"z_YIW8LT0190_MO_OS_ConsolidatedCOGS",483
"z_YIW8LT0190_MO_BlankRow_OS_107",484
"z_YIW8LT0190_MO_OS_SegmentSGA",485
"z_YIW8LT0190_MO_OS_CorporateoperatingExpenses_2",486
"z_YIW8LT0190_MO_OS_DiscrepancyinSegmentSGA",487
"z_YIW8LT0190_MO_OS_ConsolidatedSGA",488
"z_YIW8LT0190_MO_BlankRow_OS_108",489
"z_YIW8LT0190_MO_OS_SegmentDA",490
"z_YIW8LT0190_MO_OS_Amortizationofintangibleassets_5",491
"z_YIW8LT0190_MO_OS_CorporateDAexpenses",492
"z_YIW8LT0190_MO_OS_DiscrepancyinSegmentDA",493
"z_YIW8LT0190_MO_OS_ConsolidatedDA",494
"z_YIW8LT0190_MO_BlankRow_OS_109",495
"z_YIW8LT0190_MO_OS_SegmentEquityInvestment",496
"z_YIW8LT0190_MO_OS_AmortizationofintangiblerelatedtoTFCFequityinvestees_1",497
"z_YIW8LT0190_MO_OS_ConsoldiatedEquityInvestment",498
"z_YIW8LT0190_MO_BlankRow_OS_110",499
"z_YIW8LT0190_MO_OS_StudioEntertainmentcontenttransactionswithMediaNetworks",500
"z_YIW8LT0190_MO_OS_StudioEntertainmentcontenttransactionswithDTCI",501
"z_YIW8LT0190_MO_OS_MediaNetworkscontenttransactionswithDTCI",502
"z_YIW8LT0190_MO_OS_TotalIntersegmentContentTransactionRevenues",503
"z_YIW8LT0190_MO_OS__278",504
"z_YIW8LT0190_MO_OS_Affiliatefeeselimination",505
"z_YIW8LT0190_MO_OS_TVSVODdistributionlicensingelimination",506
"z_YIW8LT0190_MO_OS_TotalIntersegmentContentTransactionRevenuesbysource",507
"z_YIW8LT0190_MO_BlankRow_OS_80",508
"z_YIW8LT0190_MO_OS_EliminationsUnitedStatesandCanadaRevenue",509
"z_YIW8LT0190_MO_OS_EliminationsLatinAmericaRevenue",510
"z_YIW8LT0190_MO_OS_EliminationsAmericas",511
"z_YIW8LT0190_MO_OS_EliminationsEuropeRevenue",512
"z_YIW8LT0190_MO_OS_EliminationsAsiaPacificRevenue",513
"z_YIW8LT0190_MO_OS_TotalEliminationsGeographicRevenue",514
"z_YIW8LT0190_MO_BlankRow_OS_81",515
"z_YIW8LT0190_MO_OS_Eliminationofexpenses",516
"z_YIW8LT0190_MO_BlankRow_OS_48",517
"z_YIW8LT0190_MO_OS_StudioEntertainmentcontenttransactionswithMediaNetworks_1",518
"z_YIW8LT0190_MO_OS_StudioEntertainmentcontenttransactionswithDTCI_1",519
"z_YIW8LT0190_MO_OS_MediaNetworkscontenttransactionswithDTCI_1",520
"z_YIW8LT0190_MO_OS_TotalIntersegmentContentTransactionOperatingIncome",521
"z_YIW8LT0190_MO_BlankRow_OS_56",522
"MO_Section_SegmentedResultsCorporateandUnallocatedSharedExpensesMDA",523
"z_YIW8LT0190_MO_Section_OS_SegmentedResultsCorporateandUnallocatedSharedExpensesMDA_1",523
"z_YIW8LT0190_MO_OS_SegmentOperatingIncome",524
"z_YIW8LT0190_MO_OS_Corporateoperatingexpenses_1",525
"z_YIW8LT0190_MO_OS_Corporatedepreciationandamortizationexpenses_1",526
"z_YIW8LT0190_MO_OS_Corporateandunallocatedsharedexpenses",527
"z_YIW8LT0190_MO_OS_Restructuringandimpairmentcharges",528
"z_YIW8LT0190_MO_OS_Otherexpenseincomenet",529
"z_YIW8LT0190_MO_OS_Interestexpenseincomenet",530
"z_YIW8LT0190_MO_OS_Amortizationof21CFandHuluintangibleassetsandfairvaluestepuponfilmandtelevisioncosts",531
"z_YIW8LT0190_MO_OS_Impairmentofequityinvestments",532
"z_YIW8LT0190_MO_OS_Vicegain",533
"z_YIW8LT0190_MO_OS_Infinitycharge",534
"z_YIW8LT0190_MO_OS_IncomeBeforeIncomeTaxes",535
"z_YIW8LT0190_MO_OS_Restructuringandimpairmentcharges_4",536
"z_YIW8LT0190_MO_OS_Otherexpenseincomenet_1",537
"z_YIW8LT0190_MO_OS_Interestexpenseincomenet_1",538
"z_YIW8LT0190_MO_OS_Equityintheincomeofinvestees_11",539
"z_YIW8LT0190_MO_OS_EBITReportedinRIS",540
"z_YIW8LT0190_MO_BlankRow_OS_50",541
"z_YIW8LT0190_MO_OS_Amortizationofintangibleassets_4",542
"z_YIW8LT0190_MO_OS_Amortizationofstepupfilmandtvcosts",543
"z_YIW8LT0190_MO_OS_AmortizationofintangiblerelatedtoTFCFequityinvestees",544
"z_YIW8LT0190_MO_OS_Amortizationof21CFandHuluintangibleassetsandfairvaluestepuponfilmandtelevisioncosts_1",545
"z_YIW8LT0190_MO_BlankRow_OS_82",546
"z_YIW8LT0190_MO_OS_CorporateCumulativeTotalCapitalExpenditures",547
"z_YIW8LT0190_MO_OS_CorporateTotalCapitalExpenditures",548
"z_YIW8LT0190_MO_BlankRow_OS_54",549
"MO_Section_SegmentedResultsGeographicBreakdownFS",550
"z_YIW8LT0190_MO_Section_OS_SegmentedResultsGeographicBreakdownFS",550
"z_YIW8LT0190_MO_OS_unitedstatesandcanadarevenue",551
"z_YIW8LT0190_MO_OS_LatinAmericaandOtherRevenue",552
"z_YIW8LT0190_MO_OS_AmericasRevenue",553
"z_YIW8LT0190_MO_OS_europerevenue",554
"z_YIW8LT0190_MO_OS_asiapacificrevenue",555
"z_YIW8LT0190_MO_OS_totalrevenue_1",556
"z_YIW8LT0190_MO_BlankRow_OS_51",557
"MO_Section_SegmentedResultsPriortoResegmentation",558
"z_YIW8LT0190_MO_BlankRow_GA_1",558
"MO_Section_SegmentedResultsTwentyFirstCenturyFoxMDA",559
"z_YIW8LT0190_MO_Section_OS_SegmentedResultsTwentyFirstCenturyFoxMDA",559
"z_YIW8LT0190_MO_OS_Affiliatefees_1",560
"z_YIW8LT0190_MO_OS_Advertising_5",561
"z_YIW8LT0190_MO_OS_TVSVODdistributionlicensing_2",562
"z_YIW8LT0190_MO_OS_Theatricaldistributionlicensing_1",563
"z_YIW8LT0190_MO_OS_Homeentertainment_5",564
"z_YIW8LT0190_MO_OS_Other_9",565
"z_YIW8LT0190_MO_OS_21CFRevenues",566
"z_YIW8LT0190_MO_OS_21CFoperatingexpenses",567
"z_YIW8LT0190_MO_OS_21CFdepreciationandamortizationexpenses",568
"z_YIW8LT0190_MO_OS_21CFOperatingIncome",569
"z_YIW8LT0190_MO_BlankRow_OS_77",570
"z_YIW8LT0190_MO_OS_21CFandHuluUnitedStatesandCanadaRevenue",571
"z_YIW8LT0190_MO_OS_21CFandHuluEuropeRevenue",572
"z_YIW8LT0190_MO_OS_21CFandHuluAsiaPacificRevenue",573
"z_YIW8LT0190_MO_OS_21CFandHuluLatinAmericaRevenue",574
"z_YIW8LT0190_MO_BlankRow_OS_57",575
"z_YIW8LT0190_MO_BlankRow_OS_78",576
"z_YIW8LT0190_MO_OS_21CFandHuluDepreciationexpenses",577
"z_YIW8LT0190_MO_OS_21CFandHuluAmortizationexpenses",578
"z_YIW8LT0190_MO_OS_21CFandHuluDepreciationandAmortizationexpenses",579
"z_YIW8LT0190_MO_BlankRow_OS_79",580
"z_YIW8LT0190_MO_OS_21CFCumulativeCapitalExpenditures",581
"z_YIW8LT0190_MO_OS_21CFCapitalExpenditures",582
"z_YIW8LT0190_MO_BlankRow_OS_60",583
"MO_Section_SegmentedResultsMediaNetworksPriortoResegmentationMDA",584
"z_YIW8LT0190_MO_Section_OS_SegmentedResultsMediaNetworksMDA",584
"z_YIW8LT0190_MO_OS_CableNetworksrevenues",585
"z_YIW8LT0190_MO_OS_Broadcastingrevenues",586
"z_YIW8LT0190_MO_OS_MediaNetworksTotalRevenues",587
"z_YIW8LT0190_MO_OS_Operatingexpenses",588
"z_YIW8LT0190_MO_OS_Sellinggeneraladministrativeandotherexpenses",589
"z_YIW8LT0190_MO_OS_Depreciationandamortizationexpenses",590
"z_YIW8LT0190_MO_OS_Equityintheincomeofinvestees",591
"z_YIW8LT0190_MO_OS_MediaNetworksOperatingIncome",592
"z_YIW8LT0190_MO_BlankRow_OS_3",593
"z_YIW8LT0190_MO_OS_MediaNetworksOPEXMargin",594
"z_YIW8LT0190_MO_OS_MediaNetworksSGAMargin",595
"z_YIW8LT0190_MO_OS_MediaNetworksEBITMargin",596
"z_YIW8LT0190_MO_BlankRow_OS_4",597
"z_YIW8LT0190_MO_OS_CableNetworkscumulativeCAPEX",598
"z_YIW8LT0190_MO_OS_BroadcastingcumulativeCAPEX",599
"z_YIW8LT0190_MO_OS_MediaNetworkscumulativeCAPEX",600
"z_YIW8LT0190_MO_OS_CableNetworksCAPEX",601
"z_YIW8LT0190_MO_OS_BroadcastingCAPEX",602
"z_YIW8LT0190_MO_OS_MediaNetworksCAPEX",603
"z_YIW8LT0190_MO_BlankRow_OS_5",604
"MO_Section_KeyMetricsSupplementalRevenueandSegmentOperatingIncomeMDA",605
"z_YIW8LT0190_MO_Section_OS_KeyMetricsSupplementalRevenueandSegmentOperatingIncomeMDA",605
"z_YIW8LT0190_MO_OS_Affiliatedfees",606
"z_YIW8LT0190_MO_OS_Advertisingrevenues",607
"z_YIW8LT0190_MO_OS_TVSVODdistributionandotherrevenues",608
"z_YIW8LT0190_MO_OS_MediaNetworksTotalRevenues_1",609
"z_YIW8LT0190_MO_BlankRow_OS_6",610
"z_YIW8LT0190_MO_OS_CableNetworkssegmentoperatingincome",611
"z_YIW8LT0190_MO_OS_Broadcastingsegmentoperatingincome",612
"z_YIW8LT0190_MO_OS_Equityintheincomeofinvestees_1",613
"z_YIW8LT0190_MO_OS_MediaNetworksOperatingIncome_1",614
"z_YIW8LT0190_MO_BlankRow_OS_7",615
"MO_Section_SegmentedResultsParksandResortsPriortoResegmentationMDA",616
"z_YIW8LT0190_MO_Section_OS_SegmentedResultsParksandResortsMDA",616
"z_YIW8LT0190_MO_OS_Domesticrevenues",617
"z_YIW8LT0190_MO_OS_Internationalrevenues",618
"z_YIW8LT0190_MO_OS_ParksandResortsTotalRevenues",619
"z_YIW8LT0190_MO_OS_Operatingexpenses_1",620
"z_YIW8LT0190_MO_OS_Sellinggeneraladministrativeandotherexpenses_1",621
"z_YIW8LT0190_MO_OS_Depreciationandamortizationexpenses_1",622
"z_YIW8LT0190_MO_OS_Equityintheincomeofinvestees_2",623
"z_YIW8LT0190_MO_OS_ParksandResortsOperatingIncome",624
"z_YIW8LT0190_MO_BlankRow_OS_8",625
"z_YIW8LT0190_MO_OS_ParksandResortsOPEXMargin",626
"z_YIW8LT0190_MO_OS_ParksandResortsSGAMargin",627
"z_YIW8LT0190_MO_OS_ParksandResortsEBITMargin",628
"z_YIW8LT0190_MO_BlankRow_OS_9",629
"z_YIW8LT0190_MO_OS_DomesticParksandResortscumulativeCAPEX",630
"z_YIW8LT0190_MO_OS_InternationalParksandResortscumulativeCAPEX",631
"z_YIW8LT0190_MO_OS_TotalParksandResortscumulativeCAPEX",632
"z_YIW8LT0190_MO_OS_DomesticParksandResortsCAPEX",633
"z_YIW8LT0190_MO_OS_InternationalParksandResortsCAPEX",634
"z_YIW8LT0190_MO_OS_TotalParksandResortsCAPEX",635
"z_YIW8LT0190_MO_BlankRow_OS_12",636
"MO_Section_KeyMetricsParksandResortsStatisticsMDA_1",637
"z_YIW8LT0190_MO_Section_OS_KeyMetricsParksandResortsStatisticsMDA",637
"z_YIW8LT0190_MO_OS_Domesticparksincreaseinattendance",638
"z_YIW8LT0190_MO_OS_Domesticparksincreaseinpercapitaguestspending",639
"z_YIW8LT0190_MO_BlankRow_OS_13",640
"z_YIW8LT0190_MO_OS_domestichoteloccupancy",641
"z_YIW8LT0190_MO_OS_domesticavailableroomnights",642
"z_YIW8LT0190_MO_OS_domesticperroomguestspending",643
"z_YIW8LT0190_MO_BlankRow_OS_14",644
"z_YIW8LT0190_MO_OS_Internationalparksincreaseinattendance",645
"z_YIW8LT0190_MO_OS_Internationalparksincreaseinpercapitaguestspending",646
"z_YIW8LT0190_MO_BlankRow_OS_15",647
"z_YIW8LT0190_MO_OS_internationalhoteloccupancy",648
"z_YIW8LT0190_MO_OS_internationalavailableroomnights",649
"z_YIW8LT0190_MO_OS_internationalperroomguestspending",650
"z_YIW8LT0190_MO_BlankRow_OS_16",651
"MO_Section_SegmentedResultsStudioEntertainmentPriortoResegmentationMDA",652
"z_YIW8LT0190_MO_Section_OS_SegmentedResultsStudioEntertainmentMDA",652
"z_YIW8LT0190_MO_OS_Theatricaldistributionrevenues",653
"z_YIW8LT0190_MO_OS_Homeentertainmentrevenues",654
"z_YIW8LT0190_MO_OS_TVSVODdistributionandotherrevenues_1",655
"z_YIW8LT0190_MO_OS_StudioEntertainmentTotalRevenues",656
"z_YIW8LT0190_MO_OS_Operatingexpenses_2",657
"z_YIW8LT0190_MO_OS_Sellinggeneraladministrativeandotherexpenses_2",658
"z_YIW8LT0190_MO_OS_Depreciationandamortizationexpenses_2",659
"z_YIW8LT0190_MO_OS_Equityintheincomeofinvestees_3",660
"z_YIW8LT0190_MO_OS_StudioEntertainmentOperatingIncome",661
"z_YIW8LT0190_MO_BlankRow_OS_17",662
"z_YIW8LT0190_MO_OS_StudioEntertainmentOPEXMargin",663
"z_YIW8LT0190_MO_OS_StudioEntertainmentSGAMargin",664
"z_YIW8LT0190_MO_OS_StudioEntertainmentEBITMargin",665
"z_YIW8LT0190_MO_BlankRow_OS_18",666
"z_YIW8LT0190_MO_OS_StudioEntertainmentcumulativeCAPEX",667
"z_YIW8LT0190_MO_OS_StudioEntertainmentCAPEX",668
"z_YIW8LT0190_MO_BlankRow_OS_19",669
"MO_Section_SegmentedResultsConsumerProductsInteractiveMediaPriortoResegmentationMDA",670
"z_YIW8LT0190_MO_Section_OS_SegmentedResultsConsumerProductsInteractiveMediaMDA",670
"z_YIW8LT0190_MO_OS_Licensingpublishingandgamesrevenues",671
"z_YIW8LT0190_MO_OS_Retailandotherrevenues",672
"z_YIW8LT0190_MO_OS_ConsumerProductsInteractiveMediaTotalRevenues",673
"z_YIW8LT0190_MO_OS_Operatingexpenses_3",674
"z_YIW8LT0190_MO_OS_Sellinggeneraladministrativeandotherexpenses_3",675
"z_YIW8LT0190_MO_OS_Depreciationandamortizationexpenses_3",676
"z_YIW8LT0190_MO_OS_Equityintheincomeofinvestees_4",677
"z_YIW8LT0190_MO_OS_ConsumerProductsInteractiveMediaOperatingIncome",678
"z_YIW8LT0190_MO_BlankRow_OS_20",679
"z_YIW8LT0190_MO_OS_ConsumerProductsInteractiveMediaOPEXMargin",680
"z_YIW8LT0190_MO_OS_ConsumerProductsInteractiveMediaSGAMargin",681
"z_YIW8LT0190_MO_OS_ConsumerProductsInteractiveMediaEBITMargin",682
"z_YIW8LT0190_MO_BlankRow_OS_21",683
"z_YIW8LT0190_MO_OS_ConsumerProductsInteractiveMediacumulativeCAPEX",684
"z_YIW8LT0190_MO_OS_ConsumerProductsInteractiveMediaCAPEX",685
"z_YIW8LT0190_MO_BlankRow_OS_22",686
"MO_Section_SegmentedResultsCorporateandUnallocatedSharedExpensesPriortoResegmentationMDA",687
"z_YIW8LT0190_MO_Section_OS_SegmentedResultsCorporateandUnallocatedSharedExpensesMDA",687
"z_YIW8LT0190_MO_AN_segmentoperatingincome",688
"z_YIW8LT0190_MO_OS_Corporateoperatingexpenses",689
"z_YIW8LT0190_MO_OS_Corporatedepreciationandamortizationexpenses",690
"z_YIW8LT0190_MO_AN_corporateandunallocatedsharedexpenses",691
"z_YIW8LT0190_MO_AN_restructuringandimpairmentcharges",692
"z_YIW8LT0190_MO_AN_Otherexpense",693
"z_YIW8LT0190_MO_AN_interestincomeexpense",694
"z_YIW8LT0190_MO_AN_Impairmentofequityinvestments",695
"z_YIW8LT0190_MO_AN_vicegain",696
"z_YIW8LT0190_MO_AN_infinitycharge",697
"z_YIW8LT0190_MO_AN_HuluEquityRedemptionCharge",698
"z_YIW8LT0190_MO_AN_incomebeforeincometaxes",699
"z_YIW8LT0190_MO_BlankRow_OS_23",700
"z_YIW8LT0190_MO_OS_CorporatecumulativeCAPEX",701
"z_YIW8LT0190_MO_OS_CorporateCAPEX",702
"z_YIW8LT0190_MO_BlankRow_OS_52",703
"MO_Section_MarginAnalysis",704
"z_YIW8LT0190_MO_Section_MA_MarginAnalysis",704
"MO_MA_COGS",705
"z_YIW8LT0190_MO_MA_COGSMargin",705
"MO_MA_GM",706
"z_YIW8LT0190_MO_MA_GrossMargin",706
"z_YIW8LT0190_MO_MA_consensusestimatesgrossmargin",707
"z_YIW8LT0190_MO_BlankRow_MA",708
"MO_MA_SGA",709
"z_YIW8LT0190_MO_MA_SGAadjforSBCMargin",709
"MO_MA_EBITDA",710
"z_YIW8LT0190_MO_MA_EBITDAMargin",710
"MO_MA_EBITDA_Adj",711
"z_YIW8LT0190_MO_MA_AdjustedEBITDAMargin",711
"z_YIW8LT0190_MO_MA_consensusestimatesadjustedebitdamargin",712
"z_YIW8LT0190_MO_BlankRow_MA_1",713
"MO_Section_IncomeStatement",714
"z_YIW8LT0190_MO_Section_IS_IncomeStatement",714
"MO_IS_FirstRow",715
"z_YIW8LT0190_MO_IS_servicesrevenue",715
"z_YIW8LT0190_MO_IS_productsrevenue",716
"MO_IS_REV",717
"z_YIW8LT0190_MO_IS_totalrevenues",717
"z_YIW8LT0190_MO_IS_costofservicesexclusiveofdepreciationandamortization",718
"z_YIW8LT0190_MO_IS_costofproductsexclusiveofdepreciationandamortization",719
"z_YIW8LT0190_MO_IS_sellinggeneral",720
"z_YIW8LT0190_MO_IS_depreciationandamortization",721
"z_YIW8LT0190_MO_IS_totalcostsandexpenses",722
"z_YIW8LT0190_MO_IS_restructuringandimpairmentcharges",723
"z_YIW8LT0190_MO_IS_Otherexpense",724
"z_YIW8LT0190_MO_IS_interestincomeexpense",725
"z_YIW8LT0190_MO_IS_Equityintheincomeofinvestees",726
"MO_IS_EBT",727
"z_YIW8LT0190_MO_IS_incomebeforeincometaxes",727
"z_YIW8LT0190_MO_IS_incometaxes",728
"z_YIW8LT0190_MO_IS_netincome",729
"z_YIW8LT0190_MO_IS_Incomefromdiscontinuedoperations",730
"z_YIW8LT0190_MO_IS_Consolidatednetincome",731
"z_YIW8LT0190_MO_IS_lessnetincomeattributabletononcontrollinginterests",732
"z_YIW8LT0190_MO_IS_LessNetincomefromdiscontinuedoperationattributabletononcontrollinginterests",733
"z_YIW8LT0190_MO_IS_netincomeattributabletothewaltdisneycompanydisney",734
"z_YIW8LT0190_MO_BlankRow_IS",735
"MO_Checks_IS",736
"z_YIW8LT0190_MO_IS_ISCheck",736
"z_YIW8LT0190_MO_BlankRow_IS_1",737
"MO_Section_AdjustedNumbers",738
"z_YIW8LT0190_MO_Section_AN_AdjustedNumbers",738
"z_YIW8LT0190_MO_AN_epsasreported",739
"z_YIW8LT0190_MO_AN_vicegain_1",740
"z_YIW8LT0190_MO_AN_GainrelatedtotheacquisitionofBAMTech",741
"z_YIW8LT0190_MO_AN_taxbenefitfromprioryearforeignearningsindefinitelyreinvestedoutsidetheus",742
"z_YIW8LT0190_MO_AN_favorabletaxadjustmentsrelatedtopretaxearningsofprioryears",743
"z_YIW8LT0190_MO_AN_deferredtaxassetwriteoffduetodisneylandparisrecapitalization",744
"z_YIW8LT0190_MO_AN_HuluEquityRedemptionCharge_1",745
"z_YIW8LT0190_MO_AN_infinitycharge_1",746
"z_YIW8LT0190_MO_AN_Otherexpense_1",747
"z_YIW8LT0190_MO_AN_settlementoflitigation",748
"z_YIW8LT0190_MO_AN_Gainonsaleofrealestate",749
"z_YIW8LT0190_MO_AN_Impairmentofequityinvestments_1",750
"z_YIW8LT0190_MO_AN_OnetimenetbenefitfromtheTaxAct",751
"z_YIW8LT0190_MO_AN_Gainfromsaleofpropertyrights",752
"z_YIW8LT0190_MO_AN_Amortizationof21CFandHuluintangibleassetsandfairvaluestepuponfilmandtelevisioncosts",753
"z_YIW8LT0190_MO_AN_restructuringandimpairmentcharges_1",754
"z_YIW8LT0190_MO_AN_epsexcludingcertainitemsaffectingcomparability",755
"z_YIW8LT0190_MO_BlankRow_AN_3",756
"MO_Section_RevisedIncomeStatement",757
"z_YIW8LT0190_MO_Section_RIS_RevisedIncomeStatement",757
"MO_RIS_REV",758
"z_YIW8LT0190_MO_RIS_NetRevenue",758
"z_YIW8LT0190_MO_RIS_consensusestimatesnetrevenue",759
"z_YIW8LT0190_MO_BlankRow_RIS",760
"MO_RIS_COGS",761
"z_YIW8LT0190_MO_RIS_COGS",761
"MO_RIS_GP",762
"z_YIW8LT0190_MO_RIS_GrossProfit",762
"z_YIW8LT0190_MO_BlankRow_RIS_1",763
"MO_RIS_SGA",764
"z_YIW8LT0190_MO_RIS_SGAadjforSBC",764
"MO_RIS_EBITDA",765
"z_YIW8LT0190_MO_RIS_EBITDA",765
"MO_RIS_EBITDA_Adj",766
"z_YIW8LT0190_MO_RIS_AdjustedEBITDANoAdjustments",766
"z_YIW8LT0190_MO_RIS_consensusestimatesadjustedebitda",767
"z_YIW8LT0190_MO_BlankRow_RIS_2",768
"MO_RIS_DA",769
"z_YIW8LT0190_MO_RIS_DA",769
"MO_RIS_DAintangibles",770
"z_YIW8LT0190_MO_RIS_Amortizationofintangible",770
"MO_RIS_SBC",771
"z_YIW8LT0190_MO_RIS_SBC",771
"MO_RIS_EBIT",772
"z_YIW8LT0190_MO_RIS_EBIT",772
"z_YIW8LT0190_MO_BlankRow_RIS_3",773
"MO_RIS_EI",774
"z_YIW8LT0190_MO_RIS_EarningsfromEquityInvestments",774
"MO_RIS_IE",775
"MO_RIS_IE_Net",775
"z_YIW8LT0190_MO_RIS_Interestexpense",775
"MO_RIS_OI",776
"z_YIW8LT0190_MO_RIS_Otheritems",776
"MO_RIS_OTI",777
"z_YIW8LT0190_MO_RIS_Onetimeitem",777
"MO_RIS_EBT",778
"z_YIW8LT0190_MO_RIS_EBT",778
"z_YIW8LT0190_MO_BlankRow_RIS_4",779
"MO_RIS_Tax_Current",780
"z_YIW8LT0190_MO_RIS_Currenttax",780
"MO_RIS_Tax_Deferred",781
"z_YIW8LT0190_MO_RIS_Deferredtax",781
"MO_RIS_NI_ContinOp",782
"z_YIW8LT0190_MO_RIS_NetIncomefromContinuedOperation",782
"MO_RIS_DisCont",783
"z_YIW8LT0190_MO_RIS_DiscontinuedOperations",783
"MO_RIS_NCI",784
"z_YIW8LT0190_MO_RIS_NetIncometoNCI",784
"MO_RIS_Dividend_Prefs",785
"z_YIW8LT0190_MO_RIS_EarningstoPreferredandOtherSecurities",785
"MO_RIS_NI_GAAP_Basic",786
"z_YIW8LT0190_MO_RIS_NetIncometoCommonShareholders",786
"MO_RIS_Adjustments_Dilution_GAAP",787
"z_YIW8LT0190_MO_RIS_AdjustmentsforConvertibleSecurities",787
"MO_RIS_NI_GAAP_Diluted",788
"z_YIW8LT0190_MO_RIS_DilutedNetIncometoCommonShareholders",788
"MO_RIS_Adjustments_NONGAAP",789
"z_YIW8LT0190_MO_RIS_NonGAAPAdjustments",789
"MO_RIS_Adjustments_Dilution_NONGAAP",790
"z_YIW8LT0190_MO_RIS_NonGAAPAdjustmentsforDilutiveSecurities",790
"MO_RIS_NI_NONGAAP_Diluted",791
"z_YIW8LT0190_MO_RIS_AdjustedNetIncome",791
"z_YIW8LT0190_MO_BlankRow_RIS_5",792
"MO_RIS_TaxRate_Current",793
"z_YIW8LT0190_MO_RIS_Currenttaxrate",793
"MO_RIS_TaxRate_Deferred",794
"z_YIW8LT0190_MO_RIS_Deferredtaxrate",794
"z_YIW8LT0190_MO_BlankRow_RIS_6",795
"MO_RIS_EPS_WAB",796
"z_YIW8LT0190_MO_RIS_EarningsPerShareWAB",796
"MO_RIS_EPS_WAD",797
"z_YIW8LT0190_MO_RIS_EarningsPerShareWAD",797
"MO_RIS_EPS_WAD_Adj",798
"z_YIW8LT0190_MO_RIS_AdjustedEarningsPerShareWAD",798
"z_YIW8LT0190_MO_RIS_consensusestimatesadjustedearningspersharewad",799
"z_YIW8LT0190_MO_BlankRow_RIS_7",800
"MO_RIS_ShareCount_WAB",801
"z_YIW8LT0190_MO_RIS_SharesOutstandingWAB",801
"MO_RIS_ShareCount_WAD",802
"z_YIW8LT0190_MO_RIS_SharesOutstandingWAD",802
"MO_RIS_ShareCount_WAD_Adj",803
"z_YIW8LT0190_MO_RIS_AdjustedSharesOutstandingWAD",803
"z_YIW8LT0190_MO_BlankRow_RIS_8",804
"MO_Section_CashFlowSummary",805
"z_YIW8LT0190_MO_Section_CFSum_CashFlowSummary",805
"MO_CFSum_CFO_BeforeWC",806
"z_YIW8LT0190_MO_CFSum_OperatingCashFlowbeforeWC",806
"MO_CFSum_CFPS",807
"z_YIW8LT0190_MO_CFSum_CashFlowPerDilutedShare",807
"z_YIW8LT0190_MO_CFSum_consensusestimatescashflowperdilutedshare",808
"MO_CFSum_Capex",809
"z_YIW8LT0190_MO_CFSum_Capex",809
"z_YIW8LT0190_MO_CFSum_ConsensusEstimatesCapex",810
"MO_CFSum_Acquisition",811
"z_YIW8LT0190_MO_CFSum_Acquisitions",811
"MO_CFSum_Divestiture",812
"z_YIW8LT0190_MO_CFSum_Divestiture",812
"MO_CFSum_Dividend",813
"z_YIW8LT0190_MO_CFSum_DividendPaid",813
"MO_CFSum_DPS",814
"z_YIW8LT0190_MO_CFSum_DividendPerShare",814
"z_YIW8LT0190_MO_BlankRow_CFSum_2",815
"MO_CFSum_NetDebtIssuance",816
"z_YIW8LT0190_MO_CFSum_NetDebtIssuanceRepayment",816
"MO_CFSum_NetShares",817
"z_YIW8LT0190_MO_CFSum_NetShareIssuanceBuybacks",817
"MO_CFSum_NetShares_Price",818
"z_YIW8LT0190_MO_CFSum_EstimatedSharePriceforIssuanceBuybacks",818
"z_YIW8LT0190_MO_BlankRow_CFSum",819
"MO_CFSum_FCF_PreDiv",820
"z_YIW8LT0190_MO_CFSum_FCF",820
"MO_CFSum_FCF_PostDivPreAD",821
"z_YIW8LT0190_MO_CFSum_FCF_1",821
"MO_CFSum_FCF_PostDivPostAD",822
"z_YIW8LT0190_MO_CFSum_FCF_2",822
"MO_CFSum_FCF_PostDivPostADPostDebtPostBuyback",823
"z_YIW8LT0190_MO_CFSum_FCFPostDivDebtBuyback",823
"z_YIW8LT0190_MO_BlankRow_CFSum_1",824
"MO_Section_BalanceSheetSummary",825
"z_YIW8LT0190_MO_Section_BSS_BalanceSheetSummary",825
"MO_BSS_Cash",826
"z_YIW8LT0190_MO_BSS_Cash",826
"MO_BSS_Debt_ST",827
"z_YIW8LT0190_MO_BSS_STDebt",827
"MO_BSS_Debt_LT",828
"z_YIW8LT0190_MO_BSS_LTDebt",828
"MO_BSS_Debt",829
"z_YIW8LT0190_MO_BSS_Debt",829
"MO_BSS_Debt_Net",830
"z_YIW8LT0190_MO_BSS_NetDebt",830
"z_YIW8LT0190_MO_BlankRow_BSS_1",831
"MO_BSS_IE",832
"z_YIW8LT0190_MO_BSS_InterestExpense",832
"MO_BSS_InterestRate_Debt",833
"z_YIW8LT0190_MO_BSS_EffectiveInterestRateonDebt",833
"MO_BSS_II",834
"z_YIW8LT0190_MO_BSS_InterestIncome",834
"MO_BSS_InterestRate_Cash",835
"z_YIW8LT0190_MO_BSS_EffectiveInterestRateonCash",835
"MO_BSS_IE_Net",836
"z_YIW8LT0190_MO_BSS_NetInterestExpenseIncome",836
"MO_BSS_NetInterestRate_Debt",837
"z_YIW8LT0190_MO_BSS_EffectiveNetInterestRateonDebt",837
"z_YIW8LT0190_MO_BlankRow_BSS_2",838
"MO_BSS_NetInterestCoverage",839
"z_YIW8LT0190_MO_BSS_EBITDANetInterestExpense",839
"MO_BSS_Debt_ToEBITDA",840
"z_YIW8LT0190_MO_BSS_DebtEBITDA",840
"MO_BSS_Debt_ToCF",841
"z_YIW8LT0190_MO_BSS_DebtCashFlow",841
"z_YIW8LT0190_MO_BlankRow_BSS",842
"MO_Section_Valuation",843
"z_YIW8LT0190_MO_Section_VA_Valuation",843
"MO_VA_StockPrice",844
"z_YIW8LT0190_MO_VA_StockPriceAverage",844
"MO_VA_MarketCap",845
"z_YIW8LT0190_MO_VA_MarketCapAverage",845
"MO_VA_EV",846
"z_YIW8LT0190_MO_VA_EnterpriseValueAverage",846
"z_YIW8LT0190_MO_BlankRow_MA_2",847
"MO_VA_P_ToE",848
"z_YIW8LT0190_MO_VA_PEAverage",848
"MO_VA_EV_ToSales",849
"z_YIW8LT0190_MO_MA_EVSalesAvg",849
"MO_VA_EV_ToEBITDA",850
"z_YIW8LT0190_MO_VA_EVEBITDAAverage",850
"MO_VA_P_ToCF",851
"z_YIW8LT0190_MO_VA_PCFAverage",851
"MO_VA_FCFYield_ToMktCap",852
"z_YIW8LT0190_MO_VA_FCFYieldtoAverageMarketCap",852
"MO_VA_FCFYield_ToEV",853
"z_YIW8LT0190_MO_VA_FCFYieldtoAverageEnterpriseValue",853
"z_YIW8LT0190_MO_BlankRow_MA_5",854
"MO_VA_StockPrice_High",855
"z_YIW8LT0190_MO_VA_StockHigh",855
"MO_VA_StockPrice_Low",856
"z_YIW8LT0190_MO_VA_StockLow",856
"MO_VA_StockPrice_Avg",857
"z_YIW8LT0190_MO_VA_StockAvg",857
"MO_VA_FX_Average",858
"z_YIW8LT0190_MO_MA_AverageFXRate",858
"MO_VA_StockPrice_TradingCurrency",859
"z_YIW8LT0190_MO_MA_StockPriceTradingCurAvg",859
"z_YIW8LT0190_MO_BlankRow_MA_3",860
"z_YIW8LT0190_MO_VA_enterprisevaluecomponents",861
"MO_VA_EVCalc_NCI",862
"z_YIW8LT0190_MO_VA_NoncontrollingInterest",862
"MO_VA_EVCalc_Prefs",863
"z_YIW8LT0190_MO_VA_PreferredShares",863
"MO_VA_EVCalc_Other",864
"z_YIW8LT0190_MO_VA_OtherEVComponents",864
"z_YIW8LT0190_MO_BlankRow_MA_4",865
"MO_Section_CumulativeCashFlowStatement",866
"z_YIW8LT0190_MO_Section_CCFS_CumulativeCashFlowStatement",866
"MO_SubSection_CCFS_CFO",867
"z_YIW8LT0190_MO_CCFS_CFO",867
"z_YIW8LT0190_MO_CCFS_netincome",868
"z_YIW8LT0190_MO_CCFS_depreciationandamortization",869
"z_YIW8LT0190_MO_CCFS_Gainonacquisition",870
"z_YIW8LT0190_MO_CCFS_gainsonsalesofinvestments",871
"z_YIW8LT0190_MO_CCFS_deferredincometaxes",872
"z_YIW8LT0190_MO_CCFS_Equityintheincomeofinvestees",873
"z_YIW8LT0190_MO_CCFS_Cashdistributionsreceivedfromequityinvestees",874
"z_YIW8LT0190_MO_CCFS_netchangeinfilmandtelevisioncostsandadvances",875
"z_YIW8LT0190_MO_CCFS_Equitybasedcompensation",876
"z_YIW8LT0190_MO_CCFS_Netchangeinoperatingleaserightofuseassetsliabilities",877
"z_YIW8LT0190_MO_CCFS_impairmentcharges",878
"z_YIW8LT0190_MO_CCFS_Other",879
"MO_CCFS_CFO_BeforeWC",880
"z_YIW8LT0190_MO_CCFS_CFObeforeWC",880
"z_YIW8LT0190_MO_CCFS_receivables",881
"z_YIW8LT0190_MO_CCFS_inventories",882
"z_YIW8LT0190_MO_CCFS_Otherassets",883
"z_YIW8LT0190_MO_CCFS_Accountspayableandotheraccruedliabilities",884
"z_YIW8LT0190_MO_CCFS_incometaxes",885
"z_YIW8LT0190_MO_CCFS_Cashprovidedbydiscontinuedoperations",886
"MO_CCFS_CFO",887
"z_YIW8LT0190_MO_CCFS_NetCFO",887
"z_YIW8LT0190_MO_BlankRow_CCFS",888
"MO_SubSection_CCFS_CFI",889
"z_YIW8LT0190_MO_CCFS_CFI",889
"z_YIW8LT0190_MO_CCFS_investmentsinparks",890
"z_YIW8LT0190_MO_CCFS_salesofinvestmentsproceedsfromdispositions",891
"z_YIW8LT0190_MO_CCFS_Acquisitions",892
"z_YIW8LT0190_MO_CCFS_Other_1",893
"z_YIW8LT0190_MO_CCFS_Cashfromdiscontinuedfinancingactivities",894
"MO_CCFS_CFI",895
"z_YIW8LT0190_MO_CCFS_NetCFI",895
"z_YIW8LT0190_MO_BlankRow_CCFS_1",896
"MO_SubSection_CCFS_CFF",897
"z_YIW8LT0190_MO_CCFS_CFF",897
"z_YIW8LT0190_MO_CCFS_commercialpaperborrowings",898
"z_YIW8LT0190_MO_CCFS_borrowings",899
"z_YIW8LT0190_MO_CCFS_reductionofborrowings",900
"z_YIW8LT0190_MO_CCFS_Dividends",901
"z_YIW8LT0190_MO_CCFS_repurchasesofcommonstock",902
"z_YIW8LT0190_MO_CCFS_proceedsfromexerciseofstockoptions",903
"z_YIW8LT0190_MO_CCFS_contributionsfromnoncontrollinginterestholders",904
"z_YIW8LT0190_MO_CCFS_Acquisitionofnoncontrollingandredeemablenoncontrollinginterests",905
"z_YIW8LT0190_MO_CCFS_Other_2",906
"z_YIW8LT0190_MO_CCFS_Cashusedinfinancingactivitiesdiscontinuedoperations",907
"MO_CCFS_CFF",908
"z_YIW8LT0190_MO_CCFS_NetCFF",908
"z_YIW8LT0190_MO_BlankRow_CCFS_2",909
"z_YIW8LT0190_MO_CCFS_Cashusedinoperationsdiscontinuedoperations",910
"MO_CCFS_FX",911
"z_YIW8LT0190_MO_CCFS_FX",911
"MO_CCFS_NetChange",912
"z_YIW8LT0190_MO_CCFS_NetChangeinCashBalance",912
"z_YIW8LT0190_MO_BlankRow_CCFS_3",913
"MO_CCFS_Balance_Begin",914
"z_YIW8LT0190_MO_CCFS_BeginningCashBalance",914
"MO_CCFS_Balance_End",915
"z_YIW8LT0190_MO_CCFS_EndingCashBalance",915
"z_YIW8LT0190_MO_BlankRow_CCFS_4",916
"MO_Section_CashFlowStatement",917
"z_YIW8LT0190_MO_Section_CFS_CashFlowStatement",917
"MO_SubSection_CFS_CFO",918
"z_YIW8LT0190_MO_CFS_CFO",918
"MO_CFS_NI",919
"z_YIW8LT0190_MO_CFS_netincome",919
"z_YIW8LT0190_MO_CFS_depreciationandamortization",920
"z_YIW8LT0190_MO_CFS_Gainonacquisition",921
"z_YIW8LT0190_MO_CFS_gainsonsalesofinvestments",922
"z_YIW8LT0190_MO_CFS_deferredincometaxes",923
"z_YIW8LT0190_MO_CFS_Equityintheincomeofinvestees",924
"z_YIW8LT0190_MO_CFS_Cashdistributionsreceivedfromequityinvestees",925
"z_YIW8LT0190_MO_CFS_netchangeinfilmandtelevisioncostsandadvances",926
"MO_CFS_SBC",927
"z_YIW8LT0190_MO_CFS_Equitybasedcompensation",927
"z_YIW8LT0190_MO_CFS_Netchangeinoperatingleaserightofuseassetsliabilities",928
"z_YIW8LT0190_MO_CFS_impairmentcharges",929
"z_YIW8LT0190_MO_CFS_Other",930
"MO_CFS_CFO_BeforeWC",931
"z_YIW8LT0190_MO_CFS_CFObeforeWC",931
"z_YIW8LT0190_MO_CFS_receivables",932
"z_YIW8LT0190_MO_CFS_inventories",933
"z_YIW8LT0190_MO_CFS_Otherassets",934
"z_YIW8LT0190_MO_CFS_Accountspayableandotheraccruedliabilities",935
"z_YIW8LT0190_MO_CFS_incometaxes",936
"z_YIW8LT0190_MO_CFS_Cashprovidedbydiscontinuedoperations",937
"MO_CFS_CFO",938
"z_YIW8LT0190_MO_CFS_NetCFO",938
"z_YIW8LT0190_MO_BlankRow_CFS_2",939
"MO_SubSection_CFS_CFI",940
"z_YIW8LT0190_MO_CFS_CFI",940
"z_YIW8LT0190_MO_CFS_investmentsinparks",941
"z_YIW8LT0190_MO_CFS_salesofinvestmentsproceedsfromdispositions",942
"z_YIW8LT0190_MO_CFS_Acquisitions",943
"z_YIW8LT0190_MO_CFS_Other_1",944
"z_YIW8LT0190_MO_CFS_Cashfromdiscontinuedfinancingactivities",945
"MO_CFS_CFI",946
"z_YIW8LT0190_MO_CFS_NetCFI",946
"z_YIW8LT0190_MO_BlankRow_CFS_3",947
"MO_SubSection_CFS_CFF",948
"z_YIW8LT0190_MO_CFS_CFF",948
"z_YIW8LT0190_MO_CFS_commercialpaperborrowings",949
"z_YIW8LT0190_MO_CFS_borrowings",950
"z_YIW8LT0190_MO_CFS_reductionofborrowings",951
"z_YIW8LT0190_MO_CFS_Dividends",952
"MO_CFS_Buyback",953
"z_YIW8LT0190_MO_CFS_Repurchasesofcommonstock",953
"z_YIW8LT0190_MO_CFS_proceedsfromexerciseofstockoptions",954
"z_YIW8LT0190_MO_CFS_contributionsfromnoncontrollinginterestholders",955
"z_YIW8LT0190_MO_CFS_Acquisitionofnoncontrollingandredeemablenoncontrollinginterests",956
"z_YIW8LT0190_MO_CFS_Other_2",957
"z_YIW8LT0190_MO_CFS_Cashusedinfinancingactivitiesdiscontinuedoperations",958
"MO_CFS_CFF",959
"z_YIW8LT0190_MO_CFS_NetCFF",959
"z_YIW8LT0190_MO_BlankRow_CFS_4",960
"z_YIW8LT0190_MO_CFS_Cashusedinoperationsdiscontinuedoperations",961
"MO_CFS_FX",962
"z_YIW8LT0190_MO_CFS_FX",962
"MO_CFS_NetChange",963
"z_YIW8LT0190_MO_CFS_NetChangeinCashBalance",963
"z_YIW8LT0190_MO_BlankRow_CFS_5",964
"MO_CFS_Balance_Begin",965
"z_YIW8LT0190_MO_CFS_BeginningCashBalance",965
"MO_CFS_Balance_End",966
"z_YIW8LT0190_MO_CFS_EndingCashBalance",966
"z_YIW8LT0190_MO_BlankRow_CFS_6",967
"MO_Checks_CF",968
"z_YIW8LT0190_MO_CFS_CFCheck",968
"z_YIW8LT0190_MO_BlankRow_CFS_7",969
"MO_Section_WorkingCapitalForecasting",970
"z_YIW8LT0190_MO_Section_OS_WorkingCapitalForecasting",970
"MO_WCF_AR_Margin",971
"z_YIW8LT0190_MO_OS_Receivables",971
"MO_WCF_INV_Margin",972
"z_YIW8LT0190_MO_OS_Inventories",972
"MO_WCF_AP_Margin",973
"z_YIW8LT0190_MO_OS_Accountspayableandotheraccruedliabilities",973
"z_YIW8LT0190_MO_BlankRow_OS_10",974
"MO_WCF_AR_Margin_Change",975
"z_YIW8LT0190_MO_OS_ReceivablesYYChange",975
"MO_WCF_INV_Margin_Change",976
"z_YIW8LT0190_MO_OS_InventoriesYYChange",976
"MO_WCF_AP_Margin_Change",977
"z_YIW8LT0190_MO_OS_AccountspayableandotheraccruedliabilitiesYYChange",977
"z_YIW8LT0190_MO_BlankRow_OS_11",978
"MO_Section_DAForecasting",979
"z_YIW8LT0190_MO_Section_DAF_DAForecasting",979
"MO_DAF_PPE_BoP",980
"z_YIW8LT0190_MO_DAF_PPEBoP",980
"MO_DAF_D",981
"z_YIW8LT0190_MO_DAF_Depreciationoffixedassets",981
"MO_DAF_PPE_Capex",982
"z_YIW8LT0190_MO_DAF_CapexofPPE",982
"MO_DAF_PPE_Other",983
"z_YIW8LT0190_MO_DAF_OthernetadditionstoPPE",983
"MO_DAF_PPE_EoP",984
"z_YIW8LT0190_MO_DAF_PPEEoP",984
"z_YIW8LT0190_MO_BlankRow_DAF",985
"MO_DAF_Intangibles_BoP",986
"z_YIW8LT0190_MO_DAF_IntangiblesBoP",986
"MO_DAF_A",987
"z_YIW8LT0190_MO_DAF_Amortizationofintangibles",987
"MO_DAF_Intangibles_Capex",988
"z_YIW8LT0190_MO_DAF_Capexofintangibles",988
"MO_DAF_Intangibles_Other",989
"z_YIW8LT0190_MO_DAF_Othernetadditionstointangibles",989
"MO_DAF_Intangibles_EoP",990
"z_YIW8LT0190_MO_DAF_IntangiblesEoP",990
"z_YIW8LT0190_MO_BlankRow_DAF_1",991
"MO_DAF_D_Percentage",992
"z_YIW8LT0190_MO_DAF_DepreciationaspercentageofPPEBoP",992
"MO_DAF_A_Percentage",993
"z_YIW8LT0190_MO_DAF_AmortizationaspercentageofIntangiblesBoP",993
"MO_DAF_PPE_Life",994
"z_YIW8LT0190_MO_DAF_Impliedlifeoffixedassets",994
"MO_DAF_Intangibles_Life",995
"z_YIW8LT0190_MO_DAF_Impliedlifeofintangibles",995
"z_YIW8LT0190_MO_BlankRow_DAF_2",996
"MO_DAF_DA",997
"z_YIW8LT0190_MO_DAF_TotalDA",997
"MO_DAF_Capex",998
"z_YIW8LT0190_MO_DAF_TotalCapex",998
"MO_DAF_Intangibles_Capex_Percent",999
"z_YIW8LT0190_MO_DAF_Percentageofcapexallocatedtointangibleassets",999
"z_YIW8LT0190_MO_BlankRow_DAF_3",1000
"MO_Section_BalanceSheet",1001
"z_YIW8LT0190_MO_Section_BS_BalanceSheet",1001
"MO_SubSection_BS_CA",1002
"z_YIW8LT0190_MO_BS_CurrentAssets",1002
"MO_BS_Cash",1003
"z_YIW8LT0190_MO_BS_cashandcashequivalents",1003
"MO_BS_AR",1004
"z_YIW8LT0190_MO_BS_Receivables",1004
"MO_BS_INV",1005
"z_YIW8LT0190_MO_BS_Inventories",1005
"z_YIW8LT0190_MO_BS_televisioncostsandadvances",1006
"MO_BS_TaxAssets_Deferred_Current",1007
"z_YIW8LT0190_MO_BS_deferredincometaxes",1007
"MO_BS_RestrictedCash_Current",1008
"z_YIW8LT0190_MO_BS_Restrictedcashincludedinothercurrentassets",1008
"z_YIW8LT0190_MO_BS_Restrictedcashincludedincurrentassetsholdforsale",1009
"z_YIW8LT0190_MO_BS_Assetsheldforsale",1010
"z_YIW8LT0190_MO_BS_Othercurrentassets",1011
"MO_BS_CA",1012
"z_YIW8LT0190_MO_BS_TotalCurrentAssets",1012
"z_YIW8LT0190_MO_BlankRow_BS_1",1013
"MO_SubSection_BS_NCA",1014
"z_YIW8LT0190_MO_BS_NonCurrentAssets",1014
"z_YIW8LT0190_MO_BS_filmandtelevisioncosts",1015
"z_YIW8LT0190_MO_BS_investments",1016
"z_YIW8LT0190_MO_BS_Attractions",1017
"z_YIW8LT0190_MO_BS_accumulateddepreciation",1018
"z_YIW8LT0190_MO_BS_parks",1019
"z_YIW8LT0190_MO_BS_projectsinprogress",1020
"z_YIW8LT0190_MO_BS_land",1021
"MO_BS_PPE",1022
"z_YIW8LT0190_MO_BS_parks_1",1022
"MO_BS_Intangibles",1023
"z_YIW8LT0190_MO_BS_Intangibleassets",1023
"MO_BS_Goodwill",1024
"z_YIW8LT0190_MO_BS_Goodwill",1024
"z_YIW8LT0190_MO_BS_Restrictedcashincludedinotherassets",1025
"z_YIW8LT0190_MO_BS_Noncurrentassetsheldforsalediscontinuedoperations",1026
"z_YIW8LT0190_MO_BS_Otherassets",1027
"MO_BS_NCA",1028
"z_YIW8LT0190_MO_BS_TotalNonCurrentAssets",1028
"MO_BS_TA",1029
"z_YIW8LT0190_MO_BS_TotalAssets",1029
"z_YIW8LT0190_MO_BlankRow_BS_2",1030
"MO_SubSection_BS_CL",1031
"z_YIW8LT0190_MO_BS_CurrentLiabilities",1031
"MO_BS_APandAE",1032
"z_YIW8LT0190_MO_BS_Accountspayableandotheraccruedliabilities",1032
"z_YIW8LT0190_MO_BS_currentportionofborrowings",1033
"z_YIW8LT0190_MO_BS_Liabilitiesheldforsale",1034
"z_YIW8LT0190_MO_BS_Unearnedroyaltiesandotheradvances",1035
"MO_BS_CL",1036
"z_YIW8LT0190_MO_BS_TotalCurrentLiabilities",1036
"z_YIW8LT0190_MO_BlankRow_BS_3",1037
"MO_SubSection_BS_NCL",1038
"z_YIW8LT0190_MO_BS_NonCurrentLiabilities",1038
"z_YIW8LT0190_MO_BS_borrowings",1039
"MO_BS_TaxLiabilities_Deferred_NonCurrent",1040
"z_YIW8LT0190_MO_BS_deferredincometaxes_1",1040
"z_YIW8LT0190_MO_BS_Noncurrentliabilitiesheldforsalediscontinuedoperations",1041
"z_YIW8LT0190_MO_BS_Otherlongtermliabilities",1042
"z_YIW8LT0190_MO_BS_redeemablenoncontrollinginterest",1043
"MO_BS_NCL",1044
"z_YIW8LT0190_MO_BS_TotalNonCurrentliabilities",1044
"MO_BS_TL",1045
"z_YIW8LT0190_MO_BS_TotalLiabilities",1045
"z_YIW8LT0190_MO_BlankRow_BS_4",1046
"MO_SubSection_BS_SE",1047
"z_YIW8LT0190_MO_BS_ShareholdersEquity",1047
"MO_BS_Pref",1048
"z_YIW8LT0190_MO_BS_preferredstock",1048
"MO_BS_CommonStock",1049
"z_YIW8LT0190_MO_BS_Commonstock",1049
"MO_BS_RetainedEarnings",1050
"z_YIW8LT0190_MO_BS_retainedearnings",1050
"MO_BS_OCI",1051
"z_YIW8LT0190_MO_BS_Accumulatedothercomprehensiveloss",1051
"MO_BS_TreasuryStock",1052
"z_YIW8LT0190_MO_BS_treasurystock",1052
"MO_BS_SE",1053
"z_YIW8LT0190_MO_BS_TotalSE",1053
"MO_BS_NCI",1054
"z_YIW8LT0190_MO_BS_NCI",1054
"MO_BS_TLSE",1055
"MO_SNA_LastDataRow",1055
"z_YIW8LT0190_MO_BS_TotalLiabilitiesSE",1055
"z_YIW8LT0190_MO_BlankRow_BS_5",1056
"MO_Checks_BS",1057
"z_YIW8LT0190_MO_BS_BSCheck",1057
"z_YIW8LT0190_MO_BlankRow_BS_6",1058
"MO_Section_ModelChecks",1059
"z_YIW8LT0190_MO_Section_BS_ModelChecks",1059
"MO_Checks_Bottom",1060
"z_YIW8LT0190_MO_BS_NetIncomeonRevisedISNIonCFstatement",1060
"z_YIW8LT0190_MO_BS_NetIncomeonReportedISNIonRevised",1061
"z_YIW8LT0190_MO_Checks_SNA_CashisPositive",1062
"z_YIW8LT0190_MO_Checks_SNA_DebtisPositive",1063
"z_YIW8LT0190_MO_Checks_SNA_SegmentedEBTEBTinRIS",1064
"z_YIW8LT0190_MO_Checks_SNA_SegmentedCAPEXCAPEX",1065
"z_YIW8LT0190_MO_Checks_SNA_SegmentedDADA",1066
"z_YIW8LT0190_MO_Checks_SNA_CashFlowisnotRepeated",1067
"z_YIW8LT0190_MO_Checks_SNA_IncomeStatementisnotRepeated",1068
"z_YIW8LT0190_MO_Checks_SNA_BalanceSheetisnotRepeated",1069
"z_YIW8LT0190_MO_Checks_SNA_EndingCFEndingCumulativeCF",1070
"z_YIW8LT0190_MO_Checks_SNA_CapexisUpdated",1071
"z_YIW8LT0190_MO_Checks_SNA_MarginisUpdated",1072
"z_YIW8LT0190_MO_Checks_SNA_AdjustedNumbersFYSumofQs",1073
"z_YIW8LT0190_MO_Checks_SNA_Marginaddsupto100",1074
"z_YIW8LT0190_MO_Checks_SNA_CashFlowSummarySignsareCorrect",1075
"z_YIW8LT0190_MO_Checks_SNA_RISNIFYSumofQs",1076
"z_YIW8LT0190_MO_Checks_SNA_RISAdjustedNIFYSumofQs",1077
"z_YIW8LT0190_MO_Checks_SNA_CFOBeforeWCsubtotalFYSumofQs",1078
"z_YIW8LT0190_MO_Checks_SNA_CFOsubtotalFYSumofQs",1079
"z_YIW8LT0190_MO_Checks_SNA_CFIsubtotalFYSumofQs",1080
"z_YIW8LT0190_MO_Checks_SNA_CFFsubtotalFYSumofQs",1081
"z_YIW8LT0190_MO_Checks_SNA_CFSummaryFYSumofQs",1082
"z_YIW8LT0190_MO_BlankRow_SNA",1083
"MO_Section_Tables",1084
"z_YIW8LT0190_MO_Section_TB_Tables",1084
"z_YIW8LT0190_MO_BlankRow_SNA_1",1085
"tb_Tickers",1086
"z_YIW8LT0190_MO_Unstructured_SNA_TickerSymbol",1086
"z_YIW8LT0190_MO_Unstructured_SNA_DISUS",1087
"z_YIW8LT0190_MO_Unstructured_SNA_NYSEDIS",1088
"z_YIW8LT0190_MO_Unstructured_SNA_DISUS_1",1089
"z_YIW8LT0190_MO_Unstructured_SNA_DISN",1090
"z_YIW8LT0190_MO_BlankRow_SNA_2",1091
"tb_ValuationToggle",1092
"z_YIW8LT0190_MO_Unstructured_SNA_ValuationToggleTable",1092
"z_YIW8LT0190_MO_Unstructured_SNA_High",1093
"z_YIW8LT0190_MO_Unstructured_SNA_Low",1094
"z_YIW8LT0190_MO_Unstructured_SNA_Avg",1095
"z_YIW8LT0190_MO_BlankRow_SNA_3",1096
"tb_KeyOutputs",1097
"z_YIW8LT0190_MO_Unstructured_SNA_KeyOutputs",1097
"z_YIW8LT0190_MO_Unstructured_SNA_NetRevenue",1098
"z_YIW8LT0190_MO_Unstructured_SNA_AdjustedEBITDA",1099
"z_YIW8LT0190_MO_Unstructured_SNA_AdjustedEarningsPerShareWAD",1100
"z_YIW8LT0190_MO_Unstructured_SNA_EVEBITDAAvg",1101
"z_YIW8LT0190_MO_Unstructured_SNA_PEAvg",1102
"z_YIW8LT0190_MO_BlankRow_SNA_4",1103
"z_YIW8LT0190_MO_BlankRow_SNA_5",1104
"tb_ConsensusEstimate",1105
"z_YIW8LT0190_MO_Unstructured_SNA_ConsensusEstimateTable",1105
"MO_SNA_ConsensusEstimatePeriodType",1106
"z_YIW8LT0190_MO_Unstructured_SNA_FYorFQ",1106
"MO_SNA_ConsensusEstimatePeriodNumber",1107
"z_YIW8LT0190_MO_Unstructured_SNA_Period",1107
"z_YIW8LT0190_MO_Unstructured_SNA_ConsensusEstimatesGrossMargin",1108
"z_YIW8LT0190_MO_Unstructured_SNA_ConsensusEstimatesNetRevenue",1109
"z_YIW8LT0190_MO_Unstructured_SNA_ConsensusEstimatesAdjustedEBITDA",1110
"z_YIW8LT0190_MO_Unstructured_SNA_ConsensusEstimatesAdjustedEarningsPerShareWAD",1111
"z_YIW8LT0190_MO_Unstructured_SNA_ConsensusEstimatesCashFlowPerDilutedShare",1112
"z_YIW8LT0190_MO_Unstructured_SNA_ConsensusEstimatesCapex",1113
"z_YIW8LT0190_MO_BlankRow_SNA_6",1114
"z_YIW8LT0190_MO_BlankRow_SNA_7",1115
"tb_StockPrice",1116
"z_YIW8LT0190_MO_Unstructured_SNA_StockPriceTable",1116
"MO_SNA_FPStartDate",1117
"z_YIW8LT0190_MO_Unstructured_SNA_FiscalPeriodStartDate",1117
"MO_SNA_IsHistoricalPeriod",1118
"z_YIW8LT0190_MO_Unstructured_SNA_IsHistoricalPeriod",1118
"MO_SPT_StockHigh",1119
"z_YIW8LT0190_MO_Unstructured_SNA_StockHighRealTimeOffSource",1119
"MO_SPT_StockHigh_Sources",1120
"MO_SPT_StockHigh_Sources_RealTimeOff",1120
"z_YIW8LT0190_MO_Unstructured_SNA_RealTimeOffSource",1120
"MO_SPT_StockHigh_Sources_Bloomberg",1121
"z_YIW8LT0190_MO_Unstructured_SNA_Bloomberg",1121
"MO_SPT_StockHigh_Sources_CapIQ",1122
"z_YIW8LT0190_MO_Unstructured_SNA_CapitalIQ",1122
"MO_SPT_StockHigh_Sources_FactSet",1123
"z_YIW8LT0190_MO_Unstructured_SNA_FactSet",1123
"MO_SPT_StockHigh_Sources_Thomson",1124
"z_YIW8LT0190_MO_Unstructured_SNA_Refinitiv",1124
"z_YIW8LT0190_MO_BlankRow_SNA_8",1125
"MO_SPT_StockLow",1126
"z_YIW8LT0190_MO_Unstructured_SNA_StockLowRealTimeOffSource",1126
"MO_SPT_StockLow_Sources",1127
"MO_SPT_StockLow_Sources_RealTimeOff",1127
"z_YIW8LT0190_MO_Unstructured_SNA_RealTimeOffSource_1",1127
"MO_SPT_StockLow_Sources_Bloomberg",1128
"z_YIW8LT0190_MO_Unstructured_SNA_Bloomberg_1",1128
"MO_SPT_StockLow_Sources_CapIQ",1129
"z_YIW8LT0190_MO_Unstructured_SNA_CapitalIQ_1",1129
"MO_SPT_StockLow_Sources_FactSet",1130
"z_YIW8LT0190_MO_Unstructured_SNA_FactSet_1",1130
"MO_SPT_StockLow_Sources_Thomson",1131
"z_YIW8LT0190_MO_Unstructured_SNA_Refinitiv_1",1131
"z_YIW8LT0190_MO_BlankRow_SNA_9",1132
"MO_SPT_StockAverage",1133
"z_YIW8LT0190_MO_Unstructured_SNA_StockAverageRealTimeOffSource",1133
"MO_SPT_StockAverage_Sources",1134
"MO_SPT_StockAverage_Sources_RealTimeOff",1134
"z_YIW8LT0190_MO_Unstructured_SNA_RealTimeOffSource_2",1134
"MO_SPT_StockAverage_Sources_Bloomberg",1135
"z_YIW8LT0190_MO_Unstructured_SNA_Bloomberg_2",1135
"MO_SPT_StockAverage_Sources_CapIQ",1136
"z_YIW8LT0190_MO_Unstructured_SNA_CapitalIQ_2",1136
"MO_SPT_StockAverage_Sources_FactSet",1137
"z_YIW8LT0190_MO_Unstructured_SNA_FactSet_2",1137
"MO_SPT_StockAverage_Sources_Thomson",1138
"z_YIW8LT0190_MO_Unstructured_SNA_Refinitiv_2",1138
"z_YIW8LT0190_MO_BlankRow_SNA_10",1139
"MO_SPT_FXAverage",1140
"z_YIW8LT0190_MO_Unstructured_SNA_FXAverageRealTimeOffSource",1140
"MO_SPT_FXAverage_Sources",1141
"MO_SPT_FXAverage_Sources_RealTimeOff",1141
"z_YIW8LT0190_MO_Unstructured_SNA_RealTimeOffSource_3",1141
"MO_SPT_FXAverage_Sources_Bloomberg",1142
"z_YIW8LT0190_MO_Unstructured_SNA_Bloomberg_3",1142
"MO_SPT_FXAverage_Sources_CapIQ",1143
"z_YIW8LT0190_MO_Unstructured_SNA_CapitalIQ_3",1143
"MO_SPT_FXAverage_Sources_FactSet",1144
"z_YIW8LT0190_MO_Unstructured_SNA_FactSet_3",1144
"MO_SPT_FXAverage_Sources_Thomson",1145
"z_YIW8LT0190_MO_Unstructured_SNA_Refinitiv_3",1145
"z_YIW8LT0190_MO_BlankRow_SNA_11",1146
"z_YIW8LT0190_MO_BlankRow_SNA_12",1147
"z_YIW8LT0190_MO_Unstructured_SNA_GeneralTable",1148
"z_YIW8LT0190_MO_Unstructured_SNA_LastPrice",1149
"z_YIW8LT0190_MO_Unstructured_SNA_LastPriceDate",1150
"z_YIW8LT0190_MO_Unstructured_SNA_RealTimeStockPrice",1151
"z_YIW8LT0190_MO_Unstructured_SNA_LastPriceFormula",1152
"z_YIW8LT0190_MO_Unstructured_SNA_TradeCurrency",1153
"z_YIW8LT0190_MO_Unstructured_SNA_TradeCurrencyHardcoded",1154
"z_YIW8LT0190_MO_Unstructured_SNA_ModelSheetCurrencyHardcoded",1155
"z_YIW8LT0190_MO_Unstructured_SNA_MostRecentFX",1156
"z_YIW8LT0190_MO_Unstructured_SNA_MostRecentFXHardcoded",1157
"z_YIW8LT0190_MO_Unstructured_SNA_MRFPColumnNumber",1158
"z_YIW8LT0190_MO_Unstructured_SNA_MostRecentFiscalPeriodMRFP",1159
"z_YIW8LT0190_MO_Unstructured_SNA_CurrentFiscalYear",1160
"z_YIW8LT0190_MO_Unstructured_SNA_FirstForecastFiscalYear",1161
"z_YIW8LT0190_MO_Unstructured_SNA_DataSourceIndex",1162
"z_YIW8LT0190_MO_BlankRow_SNA_13",1163
"MO_Section_LastRow",1164
"z_YIW8LT0190_MO_Section_SNA_Canalyst",1164
