time_series_name,index
MO_Common_CompanyTitle,1
tb_EntireModel,1
z_GMEG0H0133_MO_Header_CompanyTitle,1
MO_Common_CompanySubtitle,2
z_GMEG0H0133_MO_Header_CompanySubTitle,2
MO_Common_FPDays,3
z_GMEG0H0133_MO_Header_FPDays,3
MO_Common_QEndDate,4
z_GMEG0H0133_MO_Header_QEndDate,4
MO_Common_ColumnHeader,5
z_GMEG0H0133_MO_Header_ColumnHeader,5
MO_Section_SegmentedResultsBreakdownFS,6
z_GMEG0H0133_MO_Section_OS_SegmentedResultsBreakdownFS,6
z_GMEG0H0133_MO_OS_ModelSXproduction_1,7
z_GMEG0H0133_MO_OS_Model3Yproduction_1,8
z_GMEG0H0133_MO_OS_CybertruckTeslaSemiproduction_1,9
z_GMEG0H0133_MO_OS_TotalProduction_1,10
z_GMEG0H0133_MO_OS_QQtotalproductiongrowth,11
z_GMEG0H0133_MO_OS_YYtotalproductiongrowth,12
z_GMEG0H0133_MO_BlankRow_OS_52,13
z_GMEG0H0133_MO_OS_ModelSandModelXCarsDelivered_1,14
z_GMEG0H0133_MO_OS_Model3andModelYCarsDelivered_1,15
z_GMEG0H0133_MO_OS_TrucksDelivered_2,16
z_GMEG0H0133_MO_OS_TotalDeliveries_4,17
z_GMEG0H0133_MO_OS_QQtotaldeliveriesgrowth,18
z_GMEG0H0133_MO_OS_YYtotaldeliveriesgrowth,19
z_GMEG0H0133_MO_OS_DeliveriesnotsubjecttoOperatingLease,20
z_GMEG0H0133_MO_OS_QQdeliveriesnotsubjecttooperatingleasegrowth,21
z_GMEG0H0133_MO_OS_YYdeliveriesnotsubjecttooperatingleasegrowth,22
z_GMEG0H0133_MO_BlankRow_OS_53,23
z_GMEG0H0133_MO_OS_GlobalInventory_1,24
z_GMEG0H0133_MO_BlankRow_OS_71,25
z_GMEG0H0133_MO_OS_ImpliedPricePerDelivery_1,26
z_GMEG0H0133_MO_OS_QQimpliedpriceperdeliverygrowth,27
z_GMEG0H0133_MO_OS_YYimpliedpriceperdeliverygrowth,28
z_GMEG0H0133_MO_BlankRow_OS_54,29
z_GMEG0H0133_MO_OS_EoPOperatingLeaseVehicleCount_1,30
z_GMEG0H0133_MO_OS_QQEoPoperatingleasevehiclecountgrowth,31
z_GMEG0H0133_MO_OS_YYEoPoperatingleasevehiclecountgrowth,32
z_GMEG0H0133_MO_BlankRow_OS_104,33
z_GMEG0H0133_MO_OS_Automotiverevenue_4,34
z_GMEG0H0133_MO_OS_Automotiveleasingrevenue_4,35
z_GMEG0H0133_MO_OS_Servicesandotherrevenue_4,36
z_GMEG0H0133_MO_OS_AutomotiveServicesandOtherRevenue,37
z_GMEG0H0133_MO_OS_QQAutomotiveservicesandotherrevenuegrowth,38
z_GMEG0H0133_MO_OS_YYAutomotiveservicesandotherrevenuegrowth,39
z_GMEG0H0133_MO_BlankRow_OS_55,40
z_GMEG0H0133_MO_OS_Solardeployed_1,41
z_GMEG0H0133_MO_OS_Storagedeployed_1,42
z_GMEG0H0133_MO_OS_NetSolarEnergySystemsLeasedandtobeLeasedEoP_1,43
z_GMEG0H0133_MO_BlankRow_OS_105,44
z_GMEG0H0133_MO_OS_Energygenerationandstoragerevenue_4,45
z_GMEG0H0133_MO_OS_QQEnergygenerationandstoragerevenuegrowth,46
z_GMEG0H0133_MO_OS_YYEnergygenerationandstoragerevenuegrowth,47
z_GMEG0H0133_MO_OS_TotalRevenue_5,48
z_GMEG0H0133_MO_OS_ConsensusEstimatesNetRevenue,49
z_GMEG0H0133_MO_OS_QQTotalrevenuegrowth,50
z_GMEG0H0133_MO_OS_YYTotalrevenuegrowth,51
z_GMEG0H0133_MO_BlankRow_OS_56,52
MO_Section_OperatingStatsProductionandCapacityPR,53
z_GMEG0H0133_MO_Section_OS_OperatingStatsProductionandCapacityPR,53
z_GMEG0H0133_MO_OS_ModelSXproduction,54
z_GMEG0H0133_MO_OS_QQModelSXproductiongrowth,55
z_GMEG0H0133_MO_OS_YYModelSXproductiongrowth,56
z_GMEG0H0133_MO_OS_Model3Yproduction,57
z_GMEG0H0133_MO_OS_QQModel3Yproductiongrowth,58
z_GMEG0H0133_MO_OS_YYModel3Yproductiongrowth,59
z_GMEG0H0133_MO_OS_CybertruckTeslaSemiproduction,60
z_GMEG0H0133_MO_OS_QQCybertruckTeslaSemiproductiongrowth,61
z_GMEG0H0133_MO_OS_YYCybertruckTeslaSemiproductiongrowth,62
MO_OS_Vehicle_Production,63
z_GMEG0H0133_MO_OS_TotalProduction,63
z_GMEG0H0133_MO_OS_QQtotalproductiongrowth_1,64
z_GMEG0H0133_MO_OS_YYtotalproductiongrowth_1,65
z_GMEG0H0133_MO_BlankRow_OS_62,66
z_GMEG0H0133_MO_OS_ModelSXdeliveriesasofproduction,67
z_GMEG0H0133_MO_OS_Model3Ydeliveriesasofproduction,68
z_GMEG0H0133_MO_OS_CybertruckTeslaSemideliveriesasofproduction,69
z_GMEG0H0133_MO_OS_TotalDeliveriesasofProduction,70
z_GMEG0H0133_MO_BlankRow_OS_47,71
z_GMEG0H0133_MO_OS_ModelSModelXannualproductioncapacityinFremont,72
z_GMEG0H0133_MO_OS_Model3ModelYannualproductioncapacityinFremont,73
z_GMEG0H0133_MO_OS_Model3annualproductioncapacityinShanghai,74
z_GMEG0H0133_MO_OS_Model3ModelYannualproductioncapacityinBerlin,75
z_GMEG0H0133_MO_OS_Model3ModelYannualproductioncapacityinTexas,76
z_GMEG0H0133_MO_OS_CybertruckTeslaSemiannualproductioncapacityinTexas,77
z_GMEG0H0133_MO_OS_TotalModel3ModelYAnnualProductionCapacity,78
z_GMEG0H0133_MO_BlankRow_OS_31,79
z_GMEG0H0133_MO_OS_ModelSModelXcapacityutilization,80
z_GMEG0H0133_MO_OS_Model3ModelYcapacityutilization,81
z_GMEG0H0133_MO_OS_CybertruckTeslaSemicapacityutilization,82
z_GMEG0H0133_MO_BlankRow_OS_32,83
MO_Section_OperatingStatsAutomotiveDeliveriesPR,84
z_GMEG0H0133_MO_Section_OS_OperatingStatsAutomotiveDeliveriesPR,84
z_GMEG0H0133_MO_OS_Globalinventory,85
z_GMEG0H0133_MO_BlankRow_OS_106,86
z_GMEG0H0133_MO_OS_Teslaroadstersdelivered,87
z_GMEG0H0133_MO_OS_modelscarsdelivered,88
z_GMEG0H0133_MO_OS_modelxcarsdelivered,89
z_GMEG0H0133_MO_OS_totalmodelsandmodelxcarsdelivered,90
z_GMEG0H0133_MO_OS_QQModelSandModelXcarsdeliveredgrowth,91
z_GMEG0H0133_MO_OS_GrowthinModelSandModelXcarsdelivered,92
z_GMEG0H0133_MO_OS_model3carsdelivered,93
z_GMEG0H0133_MO_OS_QQModel3andModelYcarsdeliveredgrowth,94
z_GMEG0H0133_MO_OS_GrowthinModel3andModelYcarsdelivered,95
z_GMEG0H0133_MO_OS_Trucksdelivered,96
z_GMEG0H0133_MO_OS_QQTrucksdeliveredgrowth,97
z_GMEG0H0133_MO_OS_Growthintrucksdelivered,98
MO_OS_Unit_Volume,99
z_GMEG0H0133_MO_OS_totaldeliveries,99
z_GMEG0H0133_MO_OS_QQTotaldeliveriesgrowth_1,100
z_GMEG0H0133_MO_OS_GrowthinTotalDeliveries,101
z_GMEG0H0133_MO_BlankRow_OS_69,102
z_GMEG0H0133_MO_OS_Roadsterdeliveriesmix,103
z_GMEG0H0133_MO_OS_ModelSXdeliveriesmix,104
z_GMEG0H0133_MO_OS_Model3Ydeliveriesmix,105
z_GMEG0H0133_MO_OS_Trucksdeliveriesmix,106
z_GMEG0H0133_MO_OS_TotalDeliveriesMix,107
z_GMEG0H0133_MO_BlankRow_OS_61,108
z_GMEG0H0133_MO_BlankRow_OS_21,109
z_GMEG0H0133_MO_OS_QQdeliveriesnotsubjecttooperatingleasegrowth_1,110
z_GMEG0H0133_MO_OS_YYdeliveriesnotsubjecttooperatingleasegrowth_1,111
z_GMEG0H0133_MO_BlankRow_OS_38,112
MO_OS_Unit_Price,113
z_GMEG0H0133_MO_OS_impliedpriceperdelivery,113
z_GMEG0H0133_MO_OS_QQimpliedpriceperdeliverygrowth_1,114
MO_OS_Unit_Price_Growth,115
z_GMEG0H0133_MO_OS_YoYchangeinPriceperDelivery,115
z_GMEG0H0133_MO_BlankRow_OS_107,116
z_GMEG0H0133_MO_OS_Automotiveregulatorycreditsasofautomotivesales,117
z_GMEG0H0133_MO_BlankRow_OS_108,118
z_GMEG0H0133_MO_OS_Automotivesaleswithoutresalevalueguarantee,119
z_GMEG0H0133_MO_OS_Automotivesaleswithresalevalueguarantee,120
z_GMEG0H0133_MO_OS_Automotivesales_3,121
z_GMEG0H0133_MO_OS_YYautomotivesalesgrowth,122
z_GMEG0H0133_MO_OS_Automotiveregulatorycredits,123
z_GMEG0H0133_MO_OS_YYautomotiveregulatorycreditsrevenue,124
z_GMEG0H0133_MO_OS_AutomotiveRevenue_3,125
z_GMEG0H0133_MO_OS_QQAutomotiverevenuegrowth,126
z_GMEG0H0133_MO_OS_YYAutomotiverevenuegrowth,127
z_GMEG0H0133_MO_BlankRow_OS_58,128
z_GMEG0H0133_MO_OS_AutomotiveGrossProfit_1,129
z_GMEG0H0133_MO_OS_AutomotiveGrossProfitMargin,130
z_GMEG0H0133_MO_OS_YYimprovementinAutomotiveGrossProfitMargin,131
z_GMEG0H0133_MO_BlankRow_OS_28,132
MO_Section_OperatingStatsAutomotiveLeaseMDA,133
z_GMEG0H0133_MO_Section_OS_OperatingStatsAutomotiveLeaseMDA,133
z_GMEG0H0133_MO_OS_TeslaRoadstersdelivered_1,134
z_GMEG0H0133_MO_OS_ModelSandModelXcarsdelivered,135
z_GMEG0H0133_MO_OS_Model3andModelYcarsdelivered,136
z_GMEG0H0133_MO_OS_Trucksdelivered_1,137
z_GMEG0H0133_MO_OS_TotalDeliveries_5,138
z_GMEG0H0133_MO_BlankRow_OS_96,139
z_GMEG0H0133_MO_OS_ModelSXdeliveriessubjecttoleaseaccounting,140
z_GMEG0H0133_MO_OS_Model3Ydeliveriessubjecttoleaseaccounting,141
z_GMEG0H0133_MO_OS_TotalDeliveriessubjecttoleaseaccounting,142
z_GMEG0H0133_MO_BlankRow_OS_109,143
z_GMEG0H0133_MO_OS_ModelSXsoldunderleaseaccounting,144
z_GMEG0H0133_MO_OS_Model3Ysoldunderleaseaccounting,145
z_GMEG0H0133_MO_OS_Vehiclessoldunderleaseaccounting,146
z_GMEG0H0133_MO_BlankRow_OS_34,147
z_GMEG0H0133_MO_OS_OperatingLeaseVehicleCountBoP,148
z_GMEG0H0133_MO_OS_Cancellationtooperatingleasevehiclesbalance,149
z_GMEG0H0133_MO_OS_Additiontooperatingleasevehiclesbalance,150
z_GMEG0H0133_MO_OS_EOPOperatingleasevehiclecount,151
z_GMEG0H0133_MO_OS_QQOperatingleasevehiclecountgrowthEoP,152
z_GMEG0H0133_MO_OS_YYOperatingleasevehiclecountgrowthEoP,153
z_GMEG0H0133_MO_OS_OperatingLeaseVehicleCountAvg,154
z_GMEG0H0133_MO_OS_CancellationasofBoPoperatingleasevehiclesannualized,155
z_GMEG0H0133_MO_BlankRow_OS_48,156
z_GMEG0H0133_MO_BlankRow_OS_4,157
z_GMEG0H0133_MO_OS_YYLeaserevenuepervehiclegrowth,158
z_GMEG0H0133_MO_BlankRow_OS_70,159
z_GMEG0H0133_MO_OS_GrossCostofOperatingLeaseVehicles,160
z_GMEG0H0133_MO_OS_Accumulateddepreciation,161
z_GMEG0H0133_MO_OS_NetOperatingLeaseVehicles_2,162
z_GMEG0H0133_MO_OS_Grosscostperoperatingleasevehicle,163
z_GMEG0H0133_MO_OS_Differenceofgrosscostperoperatingleasevehicleandimpliedpricepervehicle,164
z_GMEG0H0133_MO_OS_YYgrowthofgrosscostperoperatingleasevehicle,165
z_GMEG0H0133_MO_BlankRow_OS_110,166
z_GMEG0H0133_MO_OS_AutomotiveLeasingRevenue_3,167
z_GMEG0H0133_MO_OS_QQAutomotiveleasingrevenuegrowth,168
z_GMEG0H0133_MO_OS_YYAutomotiveleasingrevenuegrowth,169
z_GMEG0H0133_MO_BlankRow_OS_63,170
z_GMEG0H0133_MO_OS_Changeinaccumulateddepreciationasofnetoperatingleasevehicles,171
z_GMEG0H0133_MO_BlankRow_OS_111,172
z_GMEG0H0133_MO_OS_Changeinaccumulateddepreciationforleasedvehicles,173
z_GMEG0H0133_MO_OS_AutomotiveleasingCOGSexclDA,174
z_GMEG0H0133_MO_OS_AutomotiveleasingCOGS_3,175
z_GMEG0H0133_MO_OS_AutomotiveLeasingGrossProfit,176
z_GMEG0H0133_MO_OS_AutomotiveLeasingGrossMargin,177
z_GMEG0H0133_MO_OS_YYimprovementinAutomotiveLeasingGrossProfitMargin,178
z_GMEG0H0133_MO_BlankRow_OS_51,179
MO_Section_SegmentedResultsServicesandOtherFSPR,180
z_GMEG0H0133_MO_Section_OS_SegmentedResultsServicesandOtherFSPR,180
z_GMEG0H0133_MO_OS_AutomotiveSalesandAutomotiveLeasingRevenue,181
z_GMEG0H0133_MO_OS_QQAutomotiveSalesandAutomotiveLeasingRevenueGrowth,182
z_GMEG0H0133_MO_OS_YYAutomotiveSalesandAutomotiveLeasingRevenueGrowth,183
z_GMEG0H0133_MO_BlankRow_OS_65,184
z_GMEG0H0133_MO_OS_Servicesandotherrevenueasofautomotivesalesandautomotiveleasingrevenue,185
z_GMEG0H0133_MO_OS_ServicesandOtherRevenue_5,186
z_GMEG0H0133_MO_OS_QQServicesandOtherRevenuegrowth,187
z_GMEG0H0133_MO_OS_YYServicesandotherrevenuegrowth,188
z_GMEG0H0133_MO_BlankRow_OS_74,189
z_GMEG0H0133_MO_OS_ServicesandOtherGrossProfit_1,190
z_GMEG0H0133_MO_OS_ServicesandOtherGrossProfitMargin,191
z_GMEG0H0133_MO_OS_YYimprovementinServicesandOtherGrossProfitMargin,192
z_GMEG0H0133_MO_BlankRow_OS_75,193
MO_Section_OperatingStatsEnergyGenerationandStorageMDA,194
z_GMEG0H0133_MO_Section_OS_OperatingStatsEnergyGenerationandStorageMDA,194
z_GMEG0H0133_MO_OS_Solardeployed,195
z_GMEG0H0133_MO_OS_YYSolardeployedgrowth,196
z_GMEG0H0133_MO_OS_Storagedeployed,197
z_GMEG0H0133_MO_OS_YYStoragedeployedgrowth,198
z_GMEG0H0133_MO_BlankRow_OS_112,199
z_GMEG0H0133_MO_OS_Energygenerationandstoragesales_1,200
z_GMEG0H0133_MO_OS_Energygenerationandstoragesalesgrowth,201
z_GMEG0H0133_MO_BlankRow_OS_24,202
z_GMEG0H0133_MO_OS_netsolarenergysystemsleasedandtobeleasedbop,203
z_GMEG0H0133_MO_OS_changeinleasedassets,204
z_GMEG0H0133_MO_OS_netsolarenergysystemsleasedandtobeleasedeop,205
z_GMEG0H0133_MO_OS_averagenetsolarenergysystemsleasedandtobeleasedbalance,206
z_GMEG0H0133_MO_OS_YYNetSolarEnergySystemsLeasedandtobeLeasedAvgGrowth,207
z_GMEG0H0133_MO_BlankRow_OS_113,208
z_GMEG0H0133_MO_OS_revenuerecognizedonaverageleasedassets,209
z_GMEG0H0133_MO_BlankRow_OS_114,210
z_GMEG0H0133_MO_OS_Energygenerationandstorageleasing_1,211
z_GMEG0H0133_MO_OS_Energygenerationandstorageleasinggrowth,212
z_GMEG0H0133_MO_BlankRow_OS_25,213
z_GMEG0H0133_MO_OS_EnergyGenerationandStorageRevenue_2,214
z_GMEG0H0133_MO_OS_EnergyGenerationandStorageRevenueGrowth,215
z_GMEG0H0133_MO_BlankRow_OS_72,216
z_GMEG0H0133_MO_OS_EnergyGenerationandStorageGrossProfit_1,217
z_GMEG0H0133_MO_OS_EnergyGenerationandStorageGrossProfitMargin,218
z_GMEG0H0133_MO_OS_YYimprovementinEnergyGenerationandStorageGrossProfitMargin,219
z_GMEG0H0133_MO_BlankRow_OS_76,220
z_GMEG0H0133_MO_OS_Residentialsolarcashloan,221
z_GMEG0H0133_MO_BlankRow_OS_73,222
MO_Section_SegmentSummary,223
z_GMEG0H0133_MO_Section_OS_SegmentSummary,223
MO_OS_REV_Automotive,224
z_GMEG0H0133_MO_OS_automotiverevenue,224
MO_OS_REV_FinanceInsurance,225
z_GMEG0H0133_MO_OS_automotiveleasingrevenue,225
z_GMEG0H0133_MO_OS_Servicesandotherrevenue,226
z_GMEG0H0133_MO_OS_energygenerationandstoragerevenue,227
z_GMEG0H0133_MO_OS_totalrevenue,228
z_GMEG0H0133_MO_OS_Automotiverevenuemix,229
z_GMEG0H0133_MO_OS_Automotiveleasingrevenuemix,230
z_GMEG0H0133_MO_OS_Servicesandotherrevenuemix,231
z_GMEG0H0133_MO_OS_Energygenerationandstoragerevenuemix,232
z_GMEG0H0133_MO_OS_TotalRevenueMix,233
z_GMEG0H0133_MO_BlankRow_OS_44,234
z_GMEG0H0133_MO_OS_automotivecogs,235
z_GMEG0H0133_MO_OS_automotiveleasingcogs,236
z_GMEG0H0133_MO_OS_ServicesandotherCOGS,237
z_GMEG0H0133_MO_OS_energygenerationandstoragecogs,238
z_GMEG0H0133_MO_OS_totalcogs,239
z_GMEG0H0133_MO_BlankRow_OS_67,240
z_GMEG0H0133_MO_OS_Automotivegrossprofit,241
z_GMEG0H0133_MO_OS_Automotiveleasinggrossprofit_1,242
z_GMEG0H0133_MO_OS_Servicesandothergrossprofit,243
z_GMEG0H0133_MO_OS_Energygenerationandstoragegrossprofit,244
z_GMEG0H0133_MO_OS_TotalGrossProfit,245
z_GMEG0H0133_MO_OS_TotalGrossMargin,246
z_GMEG0H0133_MO_BlankRow_OS_18,247
z_GMEG0H0133_MO_OS_AutomotiveCOGSmix,248
z_GMEG0H0133_MO_OS_AutomotiveleasingCOGSmix,249
z_GMEG0H0133_MO_OS_ServicesandotherCOGSmix,250
z_GMEG0H0133_MO_OS_EnergygenerationandstorageCOGSmix,251
z_GMEG0H0133_MO_OS_TotalCOGSMix,252
z_GMEG0H0133_MO_BlankRow_OS_45,253
MO_Section_OperatingExpenseForecasting,254
z_GMEG0H0133_MO_OS_OperatingExpenseForecasting,254
z_GMEG0H0133_MO_OS_Revenue_3,255
z_GMEG0H0133_MO_BlankRow_OS_97,256
z_GMEG0H0133_MO_OS_GrossProfit,257
z_GMEG0H0133_MO_OS_YYgrowthinGrossprofit,258
z_GMEG0H0133_MO_OS_GrossMargin,259
z_GMEG0H0133_MO_OS_ConsensusEstimatesGrossMargin,260
z_GMEG0H0133_MO_OS_YYimprovementinGrossMargin,261
z_GMEG0H0133_MO_BlankRow_OS_98,262
z_GMEG0H0133_MO_OS_SGAExpense,263
z_GMEG0H0133_MO_OS_YYgrowthinSGAexpense,264
z_GMEG0H0133_MO_OS_SGAMargin,265
z_GMEG0H0133_MO_OS_YYimprovementinSGAMargin,266
z_GMEG0H0133_MO_BlankRow_OS_99,267
z_GMEG0H0133_MO_OS_RDExpense,268
z_GMEG0H0133_MO_OS_YYgrowthinRDexpense,269
z_GMEG0H0133_MO_OS_RDMargin,270
z_GMEG0H0133_MO_OS_YYimprovementinRDMargin,271
z_GMEG0H0133_MO_BlankRow_OS_115,272
z_GMEG0H0133_MO_OS_Onetimeoperatingitems,273
z_GMEG0H0133_MO_OS_EBIT,274
z_GMEG0H0133_MO_OS_YYgrowthinEBIT,275
z_GMEG0H0133_MO_OS_EBITMargin,276
z_GMEG0H0133_MO_OS_YYimprovementinEBITMargin,277
z_GMEG0H0133_MO_BlankRow_OS_101,278
z_GMEG0H0133_MO_OS_AdjustedEBIT,279
z_GMEG0H0133_MO_OS_ConsensusEstimatesAdjustedEBIT,280
z_GMEG0H0133_MO_OS_YYgrowthinadjustedEBIT,281
z_GMEG0H0133_MO_BlankRow_OS_102,282
z_GMEG0H0133_MO_OS_AdjustedEBITMargin,283
z_GMEG0H0133_MO_OS_ConsensusEstimatesAdjustedEBITMargin,284
z_GMEG0H0133_MO_OS_YYimprovementinadjustedEBITMargin,285
z_GMEG0H0133_MO_BlankRow_OS_103,286
MO_Section_SBCDABreakdownFSPR,287
z_GMEG0H0133_MO_Section_OS_SBCDABreakdownFSPR,287
z_GMEG0H0133_MO_AN_sbcrelatingtocogs,288
z_GMEG0H0133_MO_AN_sbcrelatingtord,289
z_GMEG0H0133_MO_AN_sbcrelatingtosga,290
z_GMEG0H0133_MO_AN_SBCrelatedtorestructuringandother,291
z_GMEG0H0133_MO_AN_totalsbc,292
z_GMEG0H0133_MO_BlankRow_AN_4,293
z_GMEG0H0133_MO_AN_Depreciationexpense,294
z_GMEG0H0133_MO_AN_Amortizationofintangibles,295
z_GMEG0H0133_MO_AN_Amortizationofsolarenergysystems,296
z_GMEG0H0133_MO_AN_OtherDAandimpairmentexpense,297
z_GMEG0H0133_MO_AN_TotalDAexpense,298
z_GMEG0H0133_MO_BlankRow_OS_77,299
MO_Section_KeyMetricsSupportNetworkPR,300
z_GMEG0H0133_MO_Section_OS_KeyMetricsSupportNetworkPR,300
z_GMEG0H0133_MO_OS_Storeandservicelocations_1,301
z_GMEG0H0133_MO_OS_Mobileservicefleet_1,302
z_GMEG0H0133_MO_BlankRow_OS_79,303
z_GMEG0H0133_MO_OS_Superchargerstations_1,304
z_GMEG0H0133_MO_OS_Superchargerconnectors_1,305
z_GMEG0H0133_MO_OS_Destinationchargerconnectors_1,306
z_GMEG0H0133_MO_BlankRow_OS_80,307
MO_Section_MarginAnalysis,308
z_GMEG0H0133_MO_Section_MA_MarginAnalysis,308
MO_MA_COGS_DA_Excluding,309
z_GMEG0H0133_MO_MA_COGSMarginExcludingDA_1,309
MO_MA_GM_DA_Excluding,310
z_GMEG0H0133_MO_MA_GrossMarginExcludingDA_1,310
z_GMEG0H0133_MO_BlankRow_MA_8,311
MO_MA_COGS,312
z_GMEG0H0133_MO_MA_COGSMargin_3,312
z_GMEG0H0133_MO_MA_AutomotiveGrossMargin,313
z_GMEG0H0133_MO_MA_AutomotiveLeasingGrossMargin,314
z_GMEG0H0133_MO_MA_ServicesandotherGrossMargin,315
z_GMEG0H0133_MO_MA_EnergygenerationandstorageGrossMargin,316
MO_MA_GM,317
z_GMEG0H0133_MO_MA_GrossMargin_3,317
z_GMEG0H0133_MO_MA_consensusestimatesgrossmargin,318
z_GMEG0H0133_MO_BlankRow_MA,319
MO_MA_SGA,320
z_GMEG0H0133_MO_MA_SGAMargin_1,320
MO_MA_RD,321
z_GMEG0H0133_MO_MA_RDMargin_1,321
MO_MA_EBIT,322
z_GMEG0H0133_MO_MA_EBITMargin,322
MO_MA_EBIT_Adj,323
z_GMEG0H0133_MO_MA_AdjustedEBITMargin,323
z_GMEG0H0133_MO_MA_ConsensusEstimatesAdjustedEBITMargin,324
z_GMEG0H0133_MO_BlankRow_MA_6,325
MO_MA_DA,326
z_GMEG0H0133_MO_MA_AddbackDAMargin,326
MO_MA_SBC,327
z_GMEG0H0133_MO_MA_AddbackSBCMargin,327
MO_MA_EBITDA,328
z_GMEG0H0133_MO_MA_EBITDAMargin,328
MO_MA_EBITDA_Adj,329
z_GMEG0H0133_MO_MA_AdjustedEBITDAMargin,329
z_GMEG0H0133_MO_MA_consensusestimatesadjustedebitdamargin,330
z_GMEG0H0133_MO_BlankRow_MA_7,331
MO_Section_IncomeStatement,332
z_GMEG0H0133_MO_Section_IS_IncomeStatement,332
MO_IS_FirstRow,333
z_GMEG0H0133_MO_IS_automotive,333
z_GMEG0H0133_MO_IS_automotiveleasing,334
z_GMEG0H0133_MO_IS_energygenerationandstorage,335
z_GMEG0H0133_MO_IS_Servicesandother,336
MO_IS_REV,337
z_GMEG0H0133_MO_IS_totalrevenues,337
z_GMEG0H0133_MO_IS_automotive_1,338
z_GMEG0H0133_MO_IS_automotiveleasing_1,339
z_GMEG0H0133_MO_IS_energygenerationandstorage_1,340
z_GMEG0H0133_MO_IS_Servicesandother_1,341
z_GMEG0H0133_MO_IS_totalcostofrevenues,342
MO_IS_GP,343
z_GMEG0H0133_MO_IS_grossprofit,343
z_GMEG0H0133_MO_IS_researchanddevelopment,344
z_GMEG0H0133_MO_IS_selling,345
z_GMEG0H0133_MO_IS_Restructuringandother,346
z_GMEG0H0133_MO_IS_totaloperatingexpenses,347
MO_IS_EBIT,348
z_GMEG0H0133_MO_IS_lossfromoperations,348
z_GMEG0H0133_MO_IS_interestincome,349
z_GMEG0H0133_MO_IS_interestexpense,350
z_GMEG0H0133_MO_IS_Otherincomeexpense,351
MO_IS_EBT,352
z_GMEG0H0133_MO_IS_lossbeforeincometaxes,352
z_GMEG0H0133_MO_IS_provisionforincometaxes,353
MO_IS_NI_ContinOp,354
z_GMEG0H0133_MO_IS_netloss,354
z_GMEG0H0133_MO_IS_netincomelossattributabletononcontrollinginterests,355
z_GMEG0H0133_MO_IS_netlosstocommonstockholders,356
z_GMEG0H0133_MO_BlankRow_IS,357
MO_Checks_IS,358
z_GMEG0H0133_MO_IS_ISCheck,358
z_GMEG0H0133_MO_BlankRow_IS_1,359
MO_Section_AdjustedNumbers,360
z_GMEG0H0133_MO_Section_AN_AdjustedNumbers,360
z_GMEG0H0133_MO_AN_netloss,361
z_GMEG0H0133_MO_AN_stockbasedcompensationexpense,362
z_GMEG0H0133_MO_AN_LossesrelatedtotheSolarCityacquisition,363
z_GMEG0H0133_MO_AN_Acquisitionrelatedtransactioncosts,364
z_GMEG0H0133_MO_AN_Noncashinterestexpenserelatedtoconvertiblenotesandother,365
z_GMEG0H0133_MO_AN_changeinfairvalueofwarrantliability,366
z_GMEG0H0133_MO_AN_modelsandmodelxgrossprofitdeferredduetoleaseaccounting,367
MO_AN_NI_NONGAAP_Diluted,368
z_GMEG0H0133_MO_AN_nongaapnetincomeloss,368
z_GMEG0H0133_MO_BlankRow_AN,369
z_GMEG0H0133_MO_AN_automotivegrossprofit,370
z_GMEG0H0133_MO_AN_stockbasedcompensationexpense_1,371
z_GMEG0H0133_MO_AN_zevcreditrevenuerecognized,372
z_GMEG0H0133_MO_AN_automotivegrossprofitexcludingsbcandzevcredit,373
z_GMEG0H0133_MO_BlankRow_AN_3,374
z_GMEG0H0133_MO_AN_Netlosstocommonstockholders,375
z_GMEG0H0133_MO_AN_GainlossadjustmentrelatingtocashpaidtostakeholdersofNCI,376
z_GMEG0H0133_MO_AN_Dilutiveconvertibledebt,377
z_GMEG0H0133_MO_AN_NetlossusedforEPScalculation,378
z_GMEG0H0133_MO_BlankRow_AN_2,379
MO_Section_RevisedIncomeStatement,380
z_GMEG0H0133_MO_Section_RIS_RevisedIncomeStatement,380
MO_RIS_REV,381
z_GMEG0H0133_MO_RIS_NetRevenue,381
z_GMEG0H0133_MO_RIS_consensusestimatesnetrevenue,382
z_GMEG0H0133_MO_BlankRow_RIS,383
MO_RIS_COGS,384
z_GMEG0H0133_MO_RIS_COGS_1,384
MO_RIS_GP,385
z_GMEG0H0133_MO_RIS_GrossProfit,385
z_GMEG0H0133_MO_BlankRow_RIS_1,386
MO_RIS_SGA,387
z_GMEG0H0133_MO_RIS_SGA_1,387
MO_RIS_RD,388
z_GMEG0H0133_MO_RIS_RD_1,388
MO_RIS_OTI_Operating,389
z_GMEG0H0133_MO_RIS_Onetimeoperatingitems,389
MO_RIS_EBIT,390
z_GMEG0H0133_MO_RIS_EBIT_2,390
MO_RIS_EBIT_Adj,391
z_GMEG0H0133_MO_RIS_AdjustedEBITNoAdjustments,391
z_GMEG0H0133_MO_RIS_ConsensusEstimatesAdjustedEBIT_1,392
z_GMEG0H0133_MO_BlankRow_RIS_3,393
MO_RIS_DA,394
z_GMEG0H0133_MO_RIS_DA,394
MO_RIS_SBC,395
z_GMEG0H0133_MO_RIS_SBC,395
MO_RIS_EBITDA,396
z_GMEG0H0133_MO_RIS_EBITDA,396
MO_RIS_EBITDA_Adj,397
z_GMEG0H0133_MO_RIS_AdjustedEBITDANoAdjustments,397
z_GMEG0H0133_MO_RIS_consensusestimatesadjustedebitda,398
z_GMEG0H0133_MO_BlankRow_RIS_2,399
MO_RIS_IE,400
z_GMEG0H0133_MO_RIS_Interestexpense,400
MO_RIS_II,401
z_GMEG0H0133_MO_RIS_Interestincome,401
MO_RIS_OI,402
z_GMEG0H0133_MO_RIS_Otheritems,402
MO_RIS_OTI,403
z_GMEG0H0133_MO_RIS_Onetimeitem,403
MO_RIS_EBT,404
z_GMEG0H0133_MO_RIS_EBT,404
z_GMEG0H0133_MO_BlankRow_RIS_4,405
MO_RIS_Tax_Current,406
z_GMEG0H0133_MO_RIS_Currenttax,406
MO_RIS_Tax_Deferred,407
z_GMEG0H0133_MO_RIS_Deferredtax,407
MO_RIS_NI_ContinOp,408
z_GMEG0H0133_MO_RIS_NetIncomefromContinuedOperation,408
MO_RIS_DisCont,409
z_GMEG0H0133_MO_RIS_DiscontinuedOperations,409
MO_RIS_NCI,410
z_GMEG0H0133_MO_RIS_NetIncometoNCI,410
MO_RIS_Dividend_Prefs,411
z_GMEG0H0133_MO_RIS_Preferredstockdividends,411
MO_RIS_NI_GAAP_Basic,412
z_GMEG0H0133_MO_RIS_NetIncometoCommonShareholders,412
MO_RIS_Adjustments_Dilution_GAAP,413
z_GMEG0H0133_MO_RIS_AdjustmentsforConvertibleSecurities,413
MO_RIS_NI_GAAP_Diluted,414
z_GMEG0H0133_MO_RIS_DilutedNetIncometoCommonShareholders,414
MO_RIS_Adjustments_NONGAAP,415
z_GMEG0H0133_MO_RIS_NonGAAPAdjustments,415
MO_RIS_Adjustments_Dilution_NONGAAP,416
z_GMEG0H0133_MO_RIS_NonGAAPAdjustmentsforDilutiveSecurities,416
MO_RIS_NI_NONGAAP_Diluted,417
z_GMEG0H0133_MO_RIS_AdjustedNetIncome,417
z_GMEG0H0133_MO_BlankRow_RIS_5,418
MO_RIS_TaxRate_Current,419
z_GMEG0H0133_MO_RIS_Currenttaxrate,419
MO_RIS_TaxRate_Deferred,420
z_GMEG0H0133_MO_RIS_Deferredtaxrate,420
z_GMEG0H0133_MO_BlankRow_RIS_6,421
MO_RIS_EPS_WAB,422
z_GMEG0H0133_MO_RIS_EarningsPerShareWAB,422
MO_RIS_EPS_WAD,423
z_GMEG0H0133_MO_RIS_EarningsPerShareWAD,423
MO_RIS_EPS_WAD_Adj,424
z_GMEG0H0133_MO_RIS_AdjustedEarningsPerShareWAD,424
z_GMEG0H0133_MO_RIS_consensusestimatesadjustedearningspersharewad,425
z_GMEG0H0133_MO_BlankRow_RIS_7,426
MO_RIS_ShareCount_WAB,427
z_GMEG0H0133_MO_RIS_SharesOutstandingWAB,427
MO_RIS_ShareCount_WAD,428
z_GMEG0H0133_MO_RIS_SharesOutstandingWAD,428
MO_RIS_ShareCount_WAD_Adj,429
z_GMEG0H0133_MO_RIS_AdjustedSharesOutstandingWAD,429
z_GMEG0H0133_MO_BlankRow_RIS_8,430
MO_Section_CashFlowSummary,431
z_GMEG0H0133_MO_Section_CFSum_CashFlowSummary,431
MO_CFSum_CFO_BeforeWC,432
z_GMEG0H0133_MO_CFSum_OperatingCashFlowbeforeWC,432
MO_CFSum_CFPS,433
z_GMEG0H0133_MO_CFSum_CashFlowPerDilutedShare,433
z_GMEG0H0133_MO_CFSum_consensusestimatescashflowperdilutedshare,434
MO_CFSum_Capex,435
z_GMEG0H0133_MO_CFSum_Capex,435
z_GMEG0H0133_MO_CFSum_ConsensusEstimatesCapex,436
MO_CFSum_Acquisition,437
z_GMEG0H0133_MO_CFSum_Acquisitions,437
MO_CFSum_Divestiture,438
z_GMEG0H0133_MO_CFSum_Divestiture,438
MO_CFSum_Dividend,439
z_GMEG0H0133_MO_CFSum_DividendPaid,439
MO_CFSum_DPS,440
z_GMEG0H0133_MO_CFSum_DividendPerShare,440
z_GMEG0H0133_MO_BlankRow_CFSum_2,441
MO_CFSum_NetDebtIssuance,442
z_GMEG0H0133_MO_CFSum_NetDebtIssuanceRepayment,442
MO_CFSum_NetShares,443
z_GMEG0H0133_MO_CFSum_NetShareIssuanceBuybacks,443
MO_CFSum_NetShares_Price,444
z_GMEG0H0133_MO_CFSum_EstimatedSharePriceforIssuanceBuybacks,444
z_GMEG0H0133_MO_BlankRow_CFSum,445
MO_CFSum_FCF_PreDiv,446
z_GMEG0H0133_MO_CFSum_FCF,446
MO_CFSum_FCF_PostDivPreAD,447
z_GMEG0H0133_MO_CFSum_FCF_1,447
MO_CFSum_FCF_PostDivPostAD,448
z_GMEG0H0133_MO_CFSum_FCF_2,448
MO_CFSum_FCF_PostDivPostADPostDebtPostBuyback,449
z_GMEG0H0133_MO_CFSum_FCFPostDivDebtBuyback,449
z_GMEG0H0133_MO_BlankRow_CFSum_1,450
MO_Section_BalanceSheetSummary,451
z_GMEG0H0133_MO_Section_BSS_BalanceSheetSummary,451
MO_BSS_Cash,452
z_GMEG0H0133_MO_BSS_Cash,452
MO_BSS_Debt_ST,453
z_GMEG0H0133_MO_BSS_STDebt,453
MO_BSS_Debt_LT,454
z_GMEG0H0133_MO_BSS_LTDebt,454
MO_BSS_Debt,455
z_GMEG0H0133_MO_BSS_Debt,455
MO_BSS_Debt_Net,456
z_GMEG0H0133_MO_BSS_NetDebt,456
z_GMEG0H0133_MO_BlankRow_BSS_1,457
MO_BSS_IE,458
z_GMEG0H0133_MO_BSS_InterestExpense,458
MO_BSS_InterestRate_Debt,459
z_GMEG0H0133_MO_BSS_EffectiveInterestRateonDebt,459
MO_BSS_II,460
z_GMEG0H0133_MO_BSS_InterestIncome,460
MO_BSS_InterestRate_Cash,461
z_GMEG0H0133_MO_BSS_EffectiveInterestRateonCash,461
MO_BSS_IE_Net,462
z_GMEG0H0133_MO_BSS_NetInterestExpenseIncome,462
MO_BSS_NetInterestRate_Debt,463
z_GMEG0H0133_MO_BSS_EffectiveNetInterestRateonDebt,463
z_GMEG0H0133_MO_BlankRow_BSS_2,464
MO_BSS_NetInterestCoverage,465
z_GMEG0H0133_MO_BSS_EBITDANetInterestExpense,465
MO_BSS_Debt_ToEBITDA,466
z_GMEG0H0133_MO_BSS_DebtEBITDA,466
MO_BSS_Debt_ToCF,467
z_GMEG0H0133_MO_BSS_DebtCashFlow,467
z_GMEG0H0133_MO_BlankRow_BSS,468
MO_Section_Valuation,469
z_GMEG0H0133_MO_Section_VA_Valuation,469
MO_VA_StockPrice,470
z_GMEG0H0133_MO_VA_StockPriceAverage,470
MO_VA_MarketCap,471
z_GMEG0H0133_MO_VA_MarketCapAverage,471
MO_VA_EV,472
z_GMEG0H0133_MO_VA_EnterpriseValueAverage,472
z_GMEG0H0133_MO_BlankRow_MA_2,473
MO_VA_P_ToE,474
z_GMEG0H0133_MO_VA_PEAverage,474
MO_VA_EV_ToSales,475
z_GMEG0H0133_MO_MA_EVSalesAvg,475
MO_VA_EV_ToEBITDA,476
z_GMEG0H0133_MO_VA_EVEBITDAAverage,476
MO_VA_P_ToCF,477
z_GMEG0H0133_MO_VA_PCFAverage,477
MO_VA_FCFYield_ToMktCap,478
z_GMEG0H0133_MO_VA_FCFYieldtoAverageMarketCap,478
MO_VA_FCFYield_ToEV,479
z_GMEG0H0133_MO_VA_FCFYieldtoAverageEnterpriseValue,479
z_GMEG0H0133_MO_BlankRow_MA_5,480
MO_VA_StockPrice_High,481
z_GMEG0H0133_MO_VA_StockHigh,481
MO_VA_StockPrice_Low,482
z_GMEG0H0133_MO_VA_StockLow,482
MO_VA_StockPrice_Avg,483
z_GMEG0H0133_MO_VA_StockAvg,483
MO_VA_FX_Average,484
z_GMEG0H0133_MO_MA_AverageFXRate,484
MO_VA_StockPrice_TradingCurrency,485
z_GMEG0H0133_MO_MA_StockPriceTradingCurAvg,485
z_GMEG0H0133_MO_BlankRow_MA_3,486
z_GMEG0H0133_MO_VA_enterprisevaluecomponents,487
MO_VA_EVCalc_NCI,488
z_GMEG0H0133_MO_VA_NoncontrollingInterest,488
MO_VA_EVCalc_Prefs,489
z_GMEG0H0133_MO_VA_PreferredShares,489
MO_VA_EVCalc_Other,490
z_GMEG0H0133_MO_VA_OtherEVComponents,490
z_GMEG0H0133_MO_BlankRow_MA_4,491
MO_Section_CumulativeCashFlowStatement,492
z_GMEG0H0133_MO_Section_CCFS_CumulativeCashFlowStatement,492
MO_SubSection_CCFS_CFO,493
z_GMEG0H0133_MO_CCFS_CFO,493
z_GMEG0H0133_MO_CCFS_netloss,494
z_GMEG0H0133_MO_CCFS_depreciationandamortization,495
z_GMEG0H0133_MO_CCFS_stockbasedcompensation,496
z_GMEG0H0133_MO_CCFS_GainlossonacquisitionofSolarCity,497
z_GMEG0H0133_MO_CCFS_Operatingcashflowrelatedtorepaymentofdiscountedconvertiblenotes,498
z_GMEG0H0133_MO_CCFS_inventorywritedowns,499
z_GMEG0H0133_MO_CCFS_Ammortizationofdebtdiscountsandissuancecosts,500
z_GMEG0H0133_MO_CCFS_fixedassetdisposal,501
z_GMEG0H0133_MO_CCFS_Othernoncashoperatingactivities,502
z_GMEG0H0133_MO_CCFS_Noncashinterestandotheroperatingactivities,503
z_GMEG0H0133_MO_CCFS_amortizationofdepartmentofenergydoeloanoriginationcosts,504
z_GMEG0H0133_MO_CCFS_changeinfairvalueofdoewarrantliability,505
z_GMEG0H0133_MO_CCFS_gainonextinguishmentofconvertiblenotesandwarrants,506
z_GMEG0H0133_MO_CCFS_Digitalassetsgain,507
z_GMEG0H0133_MO_CCFS_deferredtaxes,508
z_GMEG0H0133_MO_CCFS_foreigncurrencytransactiongainloss,509
MO_CCFS_CFO_BeforeWC,510
z_GMEG0H0133_MO_CCFS_CFObeforeWC,510
z_GMEG0H0133_MO_CCFS_accountsreceivable,511
z_GMEG0H0133_MO_CCFS_Inventory_1,512
z_GMEG0H0133_MO_CCFS_Operatingleasevehicles,513
z_GMEG0H0133_MO_CCFS_inventoriesandoperatingleasevehicles,514
z_GMEG0H0133_MO_CCFS_Prepaidexpensesandothercurrentassets,515
z_GMEG0H0133_MO_CCFS_mypowernotesreceivable,516
z_GMEG0H0133_MO_CCFS_Otherassets,517
z_GMEG0H0133_MO_CCFS_accountspayableandaccruedliabilities,518
z_GMEG0H0133_MO_CCFS_accruedliabilities,519
z_GMEG0H0133_MO_CCFS_deferreddevelopmentcompensation,520
z_GMEG0H0133_MO_CCFS_deferredrevenue,521
z_GMEG0H0133_MO_CCFS_customerdeposits,522
z_GMEG0H0133_MO_CCFS_resalevalueguarantee,523
z_GMEG0H0133_MO_CCFS_Otherlongtermliabilities,524
z_GMEG0H0133_MO_CCFS_Changesinoperatingassetsandliabilities,525
MO_CCFS_CFO,526
z_GMEG0H0133_MO_CCFS_NetCFO,526
z_GMEG0H0133_MO_BlankRow_CCFS,527
MO_SubSection_CCFS_CFI,528
z_GMEG0H0133_MO_CCFS_CFI,528
z_GMEG0H0133_MO_CCFS_purchasesofpropertyandequipmentexcludingcapitalleases,529
z_GMEG0H0133_MO_CCFS_paymentsofthecostofsolarenergysystems,530
z_GMEG0H0133_MO_CCFS_Purchaseofintangibleassets,531
z_GMEG0H0133_MO_CCFS_Receiptofgovernmentgrants,532
z_GMEG0H0133_MO_CCFS_Purchasesofdigitalassets,533
z_GMEG0H0133_MO_CCFS_Proceedsfromsalesofdigitalassets,534
z_GMEG0H0133_MO_CCFS_withdrawalsoutofourdedicateddoeaccount,535
z_GMEG0H0133_MO_CCFS_Increasedecreaseinotherrestrictedcash,536
z_GMEG0H0133_MO_CCFS_purchasesofshorttermmarketablesecurities,537
z_GMEG0H0133_MO_CCFS_maturitiesofshorttermmarketablesecurities,538
z_GMEG0H0133_MO_CCFS_Businessacquisition,539
z_GMEG0H0133_MO_CCFS_proceedsfromsaleofpropertyandequipment,540
MO_CCFS_CFI,541
z_GMEG0H0133_MO_CCFS_NetCFI,541
z_GMEG0H0133_MO_BlankRow_CCFS_1,542
MO_SubSection_CCFS_CFF,543
z_GMEG0H0133_MO_CCFS_CFF,543
z_GMEG0H0133_MO_CCFS_Netcashflowsfromdebtactivities,544
z_GMEG0H0133_MO_CCFS_collateralizedleaseborrowing,545
z_GMEG0H0133_MO_CCFS_Netborrowingsundervehicleandsolarfinancing,546
z_GMEG0H0133_MO_CCFS_NetborrowingsunderWarehouseAgreementsandautomotiveassetbackednotes,547
z_GMEG0H0133_MO_CCFS_netcashflowsfromnoncontrollinginterests,548
z_GMEG0H0133_MO_CCFS_proceedsfromdoeloans,549
z_GMEG0H0133_MO_CCFS_Proceedsfromissuanceofconvertibleandotherdebt,550
z_GMEG0H0133_MO_CCFS_proceedsfromissuanceofconvertiblepreferredstock,551
z_GMEG0H0133_MO_CCFS_proceedsfromissuanceofcommonstockinpublicoffering,552
z_GMEG0H0133_MO_CCFS_repaymentsofborrowingsundersolarbondsissuedtorelatedparties,553
z_GMEG0H0133_MO_CCFS_Repaymentsofconvertibleandotherdebt,554
z_GMEG0H0133_MO_CCFS_proceedsfromsettlementofconvertiblenotehedges,555
z_GMEG0H0133_MO_CCFS_paymentforsettlementsofwarrants,556
z_GMEG0H0133_MO_CCFS_proceedsfromissuanceofwarrants,557
z_GMEG0H0133_MO_CCFS_Proceedsfromexerciseofstockoptionsandotherstockissuances,558
z_GMEG0H0133_MO_CCFS_proceedsfromissuanceofcommonstockinprivateplacement,559
z_GMEG0H0133_MO_CCFS_principalpaymentsondoeloans,560
z_GMEG0H0133_MO_CCFS_purchaseofconvertiblenotehedges,561
z_GMEG0H0133_MO_CCFS_Repurchasesofcommonstock,562
z_GMEG0H0133_MO_CCFS_Commonstockandconvertibledebtissuancecosts,563
z_GMEG0H0133_MO_CCFS_Principalpaymentsoncapitalleasesandotherdebt,564
z_GMEG0H0133_MO_CCFS_Debtissuancecosts,565
z_GMEG0H0133_MO_CCFS_Dividendspaid,566
z_GMEG0H0133_MO_CCFS_proceedsfrominvestmentbynci,567
z_GMEG0H0133_MO_CCFS_Paymentsforbuyoutsofnoncontrollinginterestsinsubsidiaries,568
z_GMEG0H0133_MO_CCFS_distributionspaidtononcontrollinginterestsinsubsidiaries,569
z_GMEG0H0133_MO_CCFS_Other_7,570
MO_CCFS_CFF,571
z_GMEG0H0133_MO_CCFS_NetCFF,571
z_GMEG0H0133_MO_BlankRow_CCFS_2,572
MO_CCFS_FX,573
z_GMEG0H0133_MO_CCFS_FX,573
MO_CCFS_NetChange,574
z_GMEG0H0133_MO_CCFS_NetChangeinCashBalance,574
z_GMEG0H0133_MO_BlankRow_CCFS_3,575
MO_CCFS_Balance_Begin,576
z_GMEG0H0133_MO_CCFS_BeginningCashBalance,576
MO_CCFS_Balance_End,577
z_GMEG0H0133_MO_CCFS_EndingCashBalance,577
z_GMEG0H0133_MO_BlankRow_CCFS_5,578
MO_CCFS_Sup_CashInterest,579
z_GMEG0H0133_MO_CCFS_Cashpaidduringtheperiodforinterest,579
MO_CCFS_Sup_CashTax,580
z_GMEG0H0133_MO_CCFS_Cashpaidduringtheperiodfortaxes,580
z_GMEG0H0133_MO_BlankRow_CCFS_4,581
MO_Section_CashFlowStatement,582
z_GMEG0H0133_MO_Section_CFS_CashFlowStatement,582
MO_SubSection_CFS_CFO,583
z_GMEG0H0133_MO_CFS_CFO,583
MO_CFS_NI,584
z_GMEG0H0133_MO_CFS_netloss,584
z_GMEG0H0133_MO_CFS_depreciationandamortization,585
MO_CFS_SBC,586
z_GMEG0H0133_MO_CFS_stockbasedcompensation,586
z_GMEG0H0133_MO_CFS_GainlossonacquisitionofSolarCity,587
z_GMEG0H0133_MO_CFS_Operatingcashflowrelatedtorepaymentofdiscountedconvertiblenotes,588
z_GMEG0H0133_MO_CFS_inventorywritedowns,589
z_GMEG0H0133_MO_CFS_Ammortizationofdebtdiscountsandissuancecosts,590
z_GMEG0H0133_MO_CFS_fixedassetdisposal,591
z_GMEG0H0133_MO_CFS_Othernoncashoperatingactivities,592
z_GMEG0H0133_MO_CFS_Noncashinterestandotheroperatingactivities,593
z_GMEG0H0133_MO_CFS_amortizationofdepartmentofenergydoeloanoriginationcosts,594
z_GMEG0H0133_MO_CFS_changeinfairvalueofdoewarrantliability,595
z_GMEG0H0133_MO_CFS_gainonextinguishmentofconvertiblenotesandwarrants,596
z_GMEG0H0133_MO_CFS_Digitalassetsgain,597
z_GMEG0H0133_MO_CFS_deferredtaxes,598
z_GMEG0H0133_MO_CFS_foreigncurrencytransactiongainloss,599
MO_CFS_CFO_BeforeWC,600
z_GMEG0H0133_MO_CFS_CFObeforeWC,600
z_GMEG0H0133_MO_CFS_accountsreceivable,601
z_GMEG0H0133_MO_CFS_Inventory_1,602
z_GMEG0H0133_MO_CFS_Operatingleasevehicles,603
z_GMEG0H0133_MO_CFS_inventoriesandoperatingleasevehicles,604
z_GMEG0H0133_MO_CFS_Prepaidexpensesandothercurrentassets,605
z_GMEG0H0133_MO_CFS_mypowernotesreceivable,606
z_GMEG0H0133_MO_CFS_Otherassets,607
z_GMEG0H0133_MO_CFS_accountspayableandaccruedliabilities,608
z_GMEG0H0133_MO_CFS_accruedliabilities,609
z_GMEG0H0133_MO_CFS_deferreddevelopmentcompensation,610
z_GMEG0H0133_MO_CFS_deferredrevenue,611
z_GMEG0H0133_MO_CFS_customerdeposits,612
z_GMEG0H0133_MO_CFS_resalevalueguarantee,613
z_GMEG0H0133_MO_CFS_Otherlongtermliabilities,614
z_GMEG0H0133_MO_CFS_Changesinoperatingassetsandliabilities,615
MO_CFS_CFO,616
z_GMEG0H0133_MO_CFS_NetCFO,616
z_GMEG0H0133_MO_BlankRow_CFS_2,617
MO_SubSection_CFS_CFI,618
z_GMEG0H0133_MO_CFS_CFI,618
z_GMEG0H0133_MO_CFS_purchasesofpropertyandequipmentexcludingcapitalleases,619
z_GMEG0H0133_MO_CFS_paymentsofthecostofsolarenergysystems,620
z_GMEG0H0133_MO_CFS_Purchaseofintangibleassets,621
z_GMEG0H0133_MO_CFS_Receiptofgovernmentgrants,622
z_GMEG0H0133_MO_CFS_Purchasesofdigitalassets,623
z_GMEG0H0133_MO_CFS_Proceedsfromsalesofdigitalassets,624
z_GMEG0H0133_MO_CFS_withdrawalsoutofourdedicateddoeaccount,625
z_GMEG0H0133_MO_CFS_Increasedecreaseinotherrestrictedcash,626
z_GMEG0H0133_MO_CFS_purchasesofshorttermmarketablesecurities,627
z_GMEG0H0133_MO_CFS_maturitiesofshorttermmarketablesecurities,628
z_GMEG0H0133_MO_CFS_Businessacquisition,629
z_GMEG0H0133_MO_CFS_proceedsfromsaleofpropertyandequipment,630
MO_CFS_CFI,631
z_GMEG0H0133_MO_CFS_NetCFI,631
z_GMEG0H0133_MO_BlankRow_CFS_3,632
MO_SubSection_CFS_CFF,633
z_GMEG0H0133_MO_CFS_CFF,633
z_GMEG0H0133_MO_CFS_Netcashflowsfromdebtactivities,634
z_GMEG0H0133_MO_CFS_collateralizedleaseborrowing,635
z_GMEG0H0133_MO_CFS_Netborrowingsundervehicleandsolarfinancing,636
z_GMEG0H0133_MO_CFS_NetborrowingsunderWarehouseAgreementsandautomotiveassetbackednotes,637
z_GMEG0H0133_MO_CFS_netcashflowsfromnoncontrollinginterests,638
z_GMEG0H0133_MO_CFS_proceedsfromdoeloans,639
z_GMEG0H0133_MO_CFS_Proceedsfromissuanceofconvertibleandotherdebt,640
z_GMEG0H0133_MO_CFS_proceedsfromissuanceofconvertiblepreferredstock,641
z_GMEG0H0133_MO_CFS_proceedsfromissuanceofcommonstockinpublicoffering,642
z_GMEG0H0133_MO_CFS_repaymentsofborrowingsundersolarbondsissuedtorelatedparties,643
z_GMEG0H0133_MO_CFS_Repaymentsofconvertibleandotherdebt,644
z_GMEG0H0133_MO_CFS_proceedsfromsettlementofconvertiblenotehedges,645
z_GMEG0H0133_MO_CFS_paymentforsettlementsofwarrants,646
z_GMEG0H0133_MO_CFS_proceedsfromissuanceofwarrants,647
z_GMEG0H0133_MO_CFS_Proceedsfromexerciseofstockoptionsandotherstockissuances,648
z_GMEG0H0133_MO_CFS_proceedsfromissuanceofcommonstockinprivateplacement,649
z_GMEG0H0133_MO_CFS_principalpaymentsondoeloans,650
z_GMEG0H0133_MO_CFS_purchaseofconvertiblenotehedges,651
MO_CFS_Buyback,652
z_GMEG0H0133_MO_CFS_Repurchasesofcommonstock,652
z_GMEG0H0133_MO_CFS_Commonstockandconvertibledebtissuancecosts,653
z_GMEG0H0133_MO_CFS_Principalpaymentsoncapitalleasesandotherdebt,654
z_GMEG0H0133_MO_CFS_Debtissuancecosts,655
z_GMEG0H0133_MO_CFS_Dividendspaid,656
z_GMEG0H0133_MO_CFS_proceedsfrominvestmentbynci,657
z_GMEG0H0133_MO_CFS_Paymentsforbuyoutsofnoncontrollinginterestsinsubsidiaries,658
z_GMEG0H0133_MO_CFS_distributionspaidtononcontrollinginterestsinsubsidiaries,659
z_GMEG0H0133_MO_CFS_Other_7,660
MO_CFS_CFF,661
z_GMEG0H0133_MO_CFS_NetCFF,661
z_GMEG0H0133_MO_BlankRow_CFS_4,662
MO_CFS_FX,663
z_GMEG0H0133_MO_CFS_FX,663
MO_CFS_NetChange,664
z_GMEG0H0133_MO_CFS_NetChangeinCashBalance,664
z_GMEG0H0133_MO_BlankRow_CFS_5,665
MO_CFS_Balance_Begin,666
z_GMEG0H0133_MO_CFS_BeginningCashBalance,666
MO_CFS_Balance_End,667
z_GMEG0H0133_MO_CFS_EndingCashBalance,667
z_GMEG0H0133_MO_BlankRow_CFS_9,668
MO_CFS_Sup_CashInterest,669
z_GMEG0H0133_MO_CFS_Cashpaidduringtheperiodforinterest,669
MO_CFS_Sup_CashTax,670
z_GMEG0H0133_MO_CFS_Cashpaidduringtheperiodfortaxes,670
z_GMEG0H0133_MO_BlankRow_CFS_6,671
MO_Checks_CF,672
z_GMEG0H0133_MO_CFS_CFCheck,672
z_GMEG0H0133_MO_BlankRow_CFS_7,673
MO_Section_WorkingCapitalForecasting,674
z_GMEG0H0133_MO_Section_OS_WorkingCapitalForecasting,674
z_GMEG0H0133_MO_OS_Accountsreceivable,675
z_GMEG0H0133_MO_OS_Inventory,676
z_GMEG0H0133_MO_OS_Prepaidexpensesandothercurrentassets,677
z_GMEG0H0133_MO_OS_Accountspayable,678
z_GMEG0H0133_MO_OS_Accruedliabilitiesandother,679
z_GMEG0H0133_MO_OS_Deferredrevenue_2,680
z_GMEG0H0133_MO_OS_Customerdeposits,681
z_GMEG0H0133_MO_BlankRow_OS_19,682
z_GMEG0H0133_MO_OS_AccountsreceivableYYChange,683
z_GMEG0H0133_MO_OS_InventoryYYChange,684
z_GMEG0H0133_MO_OS_PrepaidexpensesandothercurrentassetsYYChange,685
z_GMEG0H0133_MO_OS_AccountspayableYYChange,686
z_GMEG0H0133_MO_OS_AccruedliabilitiesandotherYYChange,687
z_GMEG0H0133_MO_OS_DeferredrevenueYYChange,688
z_GMEG0H0133_MO_OS_CustomerdepositsYYChange,689
z_GMEG0H0133_MO_BlankRow_OS_20,690
MO_Section_DAForecasting,691
z_GMEG0H0133_MO_Section_DAF_DAForecasting,691
MO_DAF_PPE_BoP,692
z_GMEG0H0133_MO_DAF_PPEBoP,692
MO_DAF_D,693
z_GMEG0H0133_MO_DAF_Depreciationoffixedassets,693
MO_DAF_PPE_Capex,694
z_GMEG0H0133_MO_DAF_CapexofPPE,694
MO_DAF_PPE_Other,695
z_GMEG0H0133_MO_DAF_OthernetadditionstoPPE,695
MO_DAF_PPE_EoP,696
z_GMEG0H0133_MO_DAF_PPEEoP,696
z_GMEG0H0133_MO_BlankRow_DAF,697
MO_DAF_Intangibles_BoP,698
z_GMEG0H0133_MO_DAF_IntangiblesBoP,698
MO_DAF_A,699
z_GMEG0H0133_MO_DAF_Amortizationofintangibles,699
MO_DAF_Intangibles_Capex,700
z_GMEG0H0133_MO_DAF_Capexofintangibles,700
MO_DAF_Intangibles_Other,701
z_GMEG0H0133_MO_DAF_Othernetadditionstointangibles,701
MO_DAF_Intangibles_EoP,702
z_GMEG0H0133_MO_DAF_IntangiblesEoP,702
z_GMEG0H0133_MO_BlankRow_DAF_1,703
MO_DAF_D_Percentage,704
z_GMEG0H0133_MO_DAF_DepreciationaspercentageofPPEBoP,704
MO_DAF_A_Percentage,705
z_GMEG0H0133_MO_DAF_AmortizationaspercentageofIntangiblesBoP,705
MO_DAF_PPE_Life,706
z_GMEG0H0133_MO_DAF_Impliedlifeoffixedassets,706
MO_DAF_Intangibles_Life,707
z_GMEG0H0133_MO_DAF_Impliedlifeofintangibles,707
z_GMEG0H0133_MO_BlankRow_DAF_2,708
MO_DAF_DA,709
z_GMEG0H0133_MO_DAF_TotalDA,709
MO_DAF_Capex,710
z_GMEG0H0133_MO_DAF_TotalCapex,710
MO_DAF_Intangibles_Capex_Percent,711
z_GMEG0H0133_MO_DAF_Percentageofcapexallocatedtointangibleassets,711
z_GMEG0H0133_MO_BlankRow_DAF_3,712
MO_Section_BalanceSheet,713
z_GMEG0H0133_MO_Section_BS_BalanceSheet,713
MO_SubSection_BS_CA,714
z_GMEG0H0133_MO_BS_CurrentAssets,714
MO_BS_Cash,715
z_GMEG0H0133_MO_BS_cashandcashequivalents,715
MO_BS_STInvestments,716
z_GMEG0H0133_MO_BS_shorttermmarketablesecurities,716
MO_BS_RestrictedCash_Current,717
z_GMEG0H0133_MO_BS_restrictedcashandmarketablesecurities,717
MO_BS_AR,718
z_GMEG0H0133_MO_BS_Accountsreceivable,718
z_GMEG0H0133_MO_BS_Rawmaterials,719
z_GMEG0H0133_MO_BS_Workinprocess,720
z_GMEG0H0133_MO_BS_Finishedgoods,721
z_GMEG0H0133_MO_BS_Serviceparts,722
MO_BS_INV,723
z_GMEG0H0133_MO_BS_Inventory,723
MO_BS_PrepaidExpensesAndOther,724
z_GMEG0H0133_MO_BS_Prepaidexpensesandothercurrentassets,724
MO_BS_CA,725
z_GMEG0H0133_MO_BS_TotalCurrentAssets,725
z_GMEG0H0133_MO_BlankRow_BS_1,726
MO_SubSection_BS_NCA,727
z_GMEG0H0133_MO_BS_NonCurrentAssets,727
z_GMEG0H0133_MO_BS_operatingleasevehicles,728
z_GMEG0H0133_MO_BS_solarenergysystemsleasedandtobeleased,729
z_GMEG0H0133_MO_BS_Machineryequipment,730
z_GMEG0H0133_MO_BS_Tooling,731
z_GMEG0H0133_MO_BS_Leaseholdimprovements,732
z_GMEG0H0133_MO_BS_Buildingandbuildingimprovements,733
z_GMEG0H0133_MO_BS_Land,734
z_GMEG0H0133_MO_BS_Landandbuildings,735
z_GMEG0H0133_MO_BS_Computerequipment,736
z_GMEG0H0133_MO_BS_Constructioninprogress,737
z_GMEG0H0133_MO_BS_Other_3,738
z_GMEG0H0133_MO_BS_LessAccumulateddepreciation,739
MO_BS_PPE,740
z_GMEG0H0133_MO_BS_Propertyplantandequipment,740
z_GMEG0H0133_MO_BS_Operatingleaserightofuseassets,741
z_GMEG0H0133_MO_BS_Digitalassets,742
MO_BS_Intangibles,743
z_GMEG0H0133_MO_BS_Intangibleassets,743
MO_BS_Goodwill,744
z_GMEG0H0133_MO_BS_Goodwill,744
z_GMEG0H0133_MO_BS_mypowercustomernotesreceivable,745
MO_BS_RestrictedCash_NonCurrent,746
z_GMEG0H0133_MO_BS_restrictedcash,746
z_GMEG0H0133_MO_BS_Otherassets,747
MO_BS_NCA,748
z_GMEG0H0133_MO_BS_totalnoncurrentassets,748
MO_BS_TA,749
z_GMEG0H0133_MO_BS_TotalAssets,749
z_GMEG0H0133_MO_BlankRow_BS_2,750
MO_SubSection_BS_CL,751
z_GMEG0H0133_MO_BS_CurrentLiabilities,751
MO_BS_AP,752
z_GMEG0H0133_MO_BS_Accountspayable,752
z_GMEG0H0133_MO_BS_resalevalueguarantees,753
z_GMEG0H0133_MO_BS_Accruedliabilities_1,754
z_GMEG0H0133_MO_BS_accruedliabilities,755
MO_BS_DefRev,756
z_GMEG0H0133_MO_BS_deferredrevenue,756
z_GMEG0H0133_MO_BS_capitalleaseobligations,757
z_GMEG0H0133_MO_BS_deferreddevelopmentcompensation,758
z_GMEG0H0133_MO_BS_customerdeposits,759
MO_BS_TaxLiabilities_Deferred_Current,760
z_GMEG0H0133_MO_BS_deferredtaxes,760
z_GMEG0H0133_MO_BS_Currentportionoflongtermdebtandcapitalleases,761
z_GMEG0H0133_MO_BS_currentportionofsolarbondsissuedtorelatedparties,762
MO_BS_CL,763
z_GMEG0H0133_MO_BS_TotalCurrentLiabilities,763
z_GMEG0H0133_MO_BlankRow_BS_3,764
MO_SubSection_BS_NCL,765
z_GMEG0H0133_MO_BS_NonCurrentLiabilities,765
z_GMEG0H0133_MO_BS_commonstockwarrantliability,766
z_GMEG0H0133_MO_BS_Longtermdebtandcapitalleases,767
z_GMEG0H0133_MO_BS_solarbondsissuedtorelatedparties,768
MO_BS_DefRev_NonCurrent,769
z_GMEG0H0133_MO_BS_deferredrevenue_1,769
z_GMEG0H0133_MO_BS_Longtermdebt,770
z_GMEG0H0133_MO_BS_convertibleseniornotes,771
z_GMEG0H0133_MO_BS_resalevalueguarantees_1,772
z_GMEG0H0133_MO_BS_Otherlongtermliabilities_1,773
z_GMEG0H0133_MO_BS_Otherlongtermliabilities,774
z_GMEG0H0133_MO_BS_convertibleseniornotes_1,775
z_GMEG0H0133_MO_BS_redeemablenoncontrollinginterestinsubsidiaries,776
MO_BS_NCL,777
z_GMEG0H0133_MO_BS_TotalNonCurrentliabilities,777
MO_BS_TL,778
z_GMEG0H0133_MO_BS_TotalLiabilities,778
z_GMEG0H0133_MO_BlankRow_BS_4,779
MO_SubSection_BS_SE,780
z_GMEG0H0133_MO_BS_ShareholdersEquity,780
z_GMEG0H0133_MO_BS_preferredstock,781
MO_BS_CommonStock,782
z_GMEG0H0133_MO_BS_commonstock,782
MO_BS_ContributedSurplus,783
z_GMEG0H0133_MO_BS_additionalpaidincapital,783
MO_BS_OCI,784
z_GMEG0H0133_MO_BS_Accumulatedothercomprehensiveloss,784
MO_BS_RetainedEarnings,785
z_GMEG0H0133_MO_BS_accumulateddeficit,785
MO_BS_SE,786
z_GMEG0H0133_MO_BS_TotalSE,786
MO_BS_NCI,787
z_GMEG0H0133_MO_BS_nci,787
MO_BS_TLSE,788
MO_SNA_LastDataRow,788
z_GMEG0H0133_MO_BS_TotalLiabilitiesSE,788
z_GMEG0H0133_MO_BlankRow_BS_5,789
MO_Checks_BS,790
z_GMEG0H0133_MO_BS_BSCheck,790
z_GMEG0H0133_MO_BlankRow_OS_17,791
MO_Section_ModelChecks,792
z_GMEG0H0133_MO_Section_BS_ModelChecks,792
MO_Checks_Bottom,793
z_GMEG0H0133_MO_Checks_SNA_NetIncomeonRevisedISNIonCFstatement,793
z_GMEG0H0133_MO_Checks_SNA_NetIncomeonReportedISNIonRevised,794
z_GMEG0H0133_MO_Checks_SNA_CashisPositive,795
z_GMEG0H0133_MO_Checks_SNA_DebtisPositive,796
z_GMEG0H0133_MO_Checks_SNA_RISEBITOperatingEBIT,797
z_GMEG0H0133_MO_Checks_SNA_RISEBITEBIT,798
z_GMEG0H0133_MO_Checks_SNA_SegmentedRevenueRevenue,799
z_GMEG0H0133_MO_Checks_SNA_CashFlowisnotRepeated,800
z_GMEG0H0133_MO_Checks_SNA_IncomeStatementisnotRepeated,801
z_GMEG0H0133_MO_Checks_SNA_BalanceSheetisnotRepeated,802
z_GMEG0H0133_MO_Checks_SNA_EndingCFEndingCumulativeCF,803
z_GMEG0H0133_MO_Checks_SNA_CapexisUpdated,804
z_GMEG0H0133_MO_Checks_SNA_MarginisUpdated,805
z_GMEG0H0133_MO_Checks_SNA_AdjustedNumbersFYSumofQs,806
z_GMEG0H0133_MO_Checks_SNA_CashFlowSummarySignsareCorrect,807
z_GMEG0H0133_MO_Checks_SNA_RISNIFYSumofQs,808
z_GMEG0H0133_MO_Checks_SNA_RISAdjustedNIFYSumofQs,809
z_GMEG0H0133_MO_Checks_SNA_CFOBeforeWCsubtotalFYSumofQs,810
z_GMEG0H0133_MO_Unstructured_SNA_CFOsubtotalFYSumofQs,811
z_GMEG0H0133_MO_Checks_SNA_CFIsubtotalFYSumofQs,812
z_GMEG0H0133_MO_Checks_SNA_CFFsubtotalFYSumofQs,813
z_GMEG0H0133_MO_Checks_SNA_CFSummaryFYSumofQs,814
z_GMEG0H0133_MO_BlankRow_SNA,815
MO_Section_Tables,816
z_GMEG0H0133_MO_Section_TB_Tables,816
z_GMEG0H0133_MO_BlankRow_SNA_1,817
tb_Tickers,818
z_GMEG0H0133_MO_Unstructured_SNA_TickerSymbol,818
z_GMEG0H0133_MO_Unstructured_SNA_TSLAUS,819
z_GMEG0H0133_MO_Unstructured_SNA_NASDAQTSLA,820
z_GMEG0H0133_MO_Unstructured_SNA_TSLAUS_1,821
z_GMEG0H0133_MO_Unstructured_SNA_TSLAOQ,822
z_GMEG0H0133_MO_BlankRow_SNA_2,823
tb_ValuationToggle,824
z_GMEG0H0133_MO_Unstructured_SNA_ValuationToggleTable,824
z_GMEG0H0133_MO_Unstructured_SNA_High,825
z_GMEG0H0133_MO_Unstructured_SNA_Low,826
z_GMEG0H0133_MO_Unstructured_SNA_Avg,827
z_GMEG0H0133_MO_BlankRow_SNA_3,828
tb_KeyOutputs,829
z_GMEG0H0133_MO_Unstructured_SNA_KeyOutputs,829
z_GMEG0H0133_MO_Unstructured_SNA_NetRevenue,830
z_GMEG0H0133_MO_Unstructured_SNA_AdjustedEBITDANoAdjustments,831
z_GMEG0H0133_MO_Unstructured_SNA_AdjustedEBITNoAdjustments,832
z_GMEG0H0133_MO_Unstructured_SNA_AdjustedEarningsPerShareWAD,833
z_GMEG0H0133_MO_Unstructured_SNA_EVEBITDAAvg,834
z_GMEG0H0133_MO_Unstructured_SNA_PEAvg,835
z_GMEG0H0133_MO_BlankRow_SNA_4,836
z_GMEG0H0133_MO_BlankRow_SNA_5,837
tb_ConsensusEstimate,838
z_GMEG0H0133_MO_Unstructured_SNA_ConsensusEstimateTable,838
MO_SNA_ConsensusEstimatePeriodType,839
z_GMEG0H0133_MO_Unstructured_SNA_FYorFQ,839
MO_SNA_ConsensusEstimatePeriodNumber,840
z_GMEG0H0133_MO_Unstructured_SNA_Period,840
z_GMEG0H0133_MO_Unstructured_SNA_ConsensusEstimatesGrossMargin,841
z_GMEG0H0133_MO_Unstructured_SNA_ConsensusEstimatesNetRevenue,842
z_GMEG0H0133_MO_Unstructured_SNA_ConsensusEstimatesAdjustedEBITDA,843
z_GMEG0H0133_MO_Unstructured_SNA_ConsensusEstimatesAdjustedEBIT_1,844
z_GMEG0H0133_MO_Unstructured_SNA_ConsensusEstimatesAdjustedEarningsPerShareWAD,845
z_GMEG0H0133_MO_Unstructured_SNA_ConsensusEstimatesCashFlowPerDilutedShare,846
z_GMEG0H0133_MO_Unstructured_SNA_ConsensusEstimatesCapex,847
z_GMEG0H0133_MO_BlankRow_SNA_6,848
z_GMEG0H0133_MO_BlankRow_SNA_7,849
tb_StockPrice,850
z_GMEG0H0133_MO_Unstructured_SNA_StockPriceTable,850
MO_SNA_FPStartDate,851
z_GMEG0H0133_MO_Unstructured_SNA_FiscalPeriodStartDate,851
MO_SNA_IsHistoricalPeriod,852
z_GMEG0H0133_MO_Unstructured_SNA_IsHistoricalPeriod,852
MO_SPT_StockHigh,853
z_GMEG0H0133_MO_Unstructured_SNA_StockHighRealTimeOffSource,853
MO_SPT_StockHigh_Sources,854
MO_SPT_StockHigh_Sources_RealTimeOff,854
z_GMEG0H0133_MO_Unstructured_SNA_RealTimeOffSource,854
MO_SPT_StockHigh_Sources_Bloomberg,855
z_GMEG0H0133_MO_Unstructured_SNA_Bloomberg,855
MO_SPT_StockHigh_Sources_CapIQ,856
z_GMEG0H0133_MO_Unstructured_SNA_CapitalIQ,856
MO_SPT_StockHigh_Sources_FactSet,857
z_GMEG0H0133_MO_Unstructured_SNA_FactSet,857
MO_SPT_StockHigh_Sources_Thomson,858
z_GMEG0H0133_MO_Unstructured_SNA_Refinitiv,858
z_GMEG0H0133_MO_BlankRow_SNA_8,859
MO_SPT_StockLow,860
z_GMEG0H0133_MO_Unstructured_SNA_StockLowRealTimeOffSource,860
MO_SPT_StockLow_Sources,861
MO_SPT_StockLow_Sources_RealTimeOff,861
z_GMEG0H0133_MO_Unstructured_SNA_RealTimeOffSource_1,861
MO_SPT_StockLow_Sources_Bloomberg,862
z_GMEG0H0133_MO_Unstructured_SNA_Bloomberg_1,862
MO_SPT_StockLow_Sources_CapIQ,863
z_GMEG0H0133_MO_Unstructured_SNA_CapitalIQ_1,863
MO_SPT_StockLow_Sources_FactSet,864
z_GMEG0H0133_MO_Unstructured_SNA_FactSet_1,864
MO_SPT_StockLow_Sources_Thomson,865
z_GMEG0H0133_MO_Unstructured_SNA_Refinitiv_1,865
z_GMEG0H0133_MO_BlankRow_SNA_9,866
MO_SPT_StockAverage,867
z_GMEG0H0133_MO_Unstructured_SNA_StockAverageRealTimeOffSource,867
MO_SPT_StockAverage_Sources,868
MO_SPT_StockAverage_Sources_RealTimeOff,868
z_GMEG0H0133_MO_Unstructured_SNA_RealTimeOffSource_2,868
MO_SPT_StockAverage_Sources_Bloomberg,869
z_GMEG0H0133_MO_Unstructured_SNA_Bloomberg_2,869
MO_SPT_StockAverage_Sources_CapIQ,870
z_GMEG0H0133_MO_Unstructured_SNA_CapitalIQ_2,870
MO_SPT_StockAverage_Sources_FactSet,871
z_GMEG0H0133_MO_Unstructured_SNA_FactSet_2,871
MO_SPT_StockAverage_Sources_Thomson,872
z_GMEG0H0133_MO_Unstructured_SNA_Refinitiv_2,872
z_GMEG0H0133_MO_BlankRow_SNA_10,873
MO_SPT_FXAverage,874
z_GMEG0H0133_MO_Unstructured_SNA_FXAverageRealTimeOffSource,874
MO_SPT_FXAverage_Sources,875
MO_SPT_FXAverage_Sources_RealTimeOff,875
z_GMEG0H0133_MO_Unstructured_SNA_RealTimeOffSource_3,875
MO_SPT_FXAverage_Sources_Bloomberg,876
z_GMEG0H0133_MO_Unstructured_SNA_Bloomberg_3,876
MO_SPT_FXAverage_Sources_CapIQ,877
z_GMEG0H0133_MO_Unstructured_SNA_CapitalIQ_3,877
MO_SPT_FXAverage_Sources_FactSet,878
z_GMEG0H0133_MO_Unstructured_SNA_FactSet_3,878
MO_SPT_FXAverage_Sources_Thomson,879
z_GMEG0H0133_MO_Unstructured_SNA_Refinitiv_3,879
z_GMEG0H0133_MO_BlankRow_SNA_11,880
z_GMEG0H0133_MO_BlankRow_SNA_12,881
z_GMEG0H0133_MO_Unstructured_SNA_GeneralTable,882
z_GMEG0H0133_MO_Unstructured_SNA_LastPrice,883
z_GMEG0H0133_MO_Unstructured_SNA_LastPriceDate,884
z_GMEG0H0133_MO_Unstructured_SNA_RealTimeStockPrice,885
z_GMEG0H0133_MO_Unstructured_SNA_LastPriceFormula,886
z_GMEG0H0133_MO_Unstructured_SNA_TradeCurrency,887
z_GMEG0H0133_MO_Unstructured_SNA_TradeCurrencyHardcoded,888
z_GMEG0H0133_MO_Unstructured_SNA_ModelSheetCurrencyHardcoded,889
z_GMEG0H0133_MO_Unstructured_SNA_MostRecentFX,890
z_GMEG0H0133_MO_Unstructured_SNA_MostRecentFXHardcoded,891
z_GMEG0H0133_MO_Unstructured_SNA_MRFPColumnNumber,892
z_GMEG0H0133_MO_Unstructured_SNA_MostRecentFiscalPeriodMRFP,893
z_GMEG0H0133_MO_Unstructured_SNA_CurrentFiscalYear,894
z_GMEG0H0133_MO_Unstructured_SNA_FirstForecastFiscalYear,895
z_GMEG0H0133_MO_Unstructured_SNA_DataSourceIndex,896
z_GMEG0H0133_MO_BlankRow_SNA_13,897
MO_Section_LastRow,898
z_GMEG0H0133_MO_Section_SNA_Canalyst,898
